PERIODO;PM10
2023-07-02 00;41.41
2023-07-02 01;41.23
2023-07-02 02;39.22
2023-07-02 03;37.55
2023-07-02 04;36.38
2023-07-02 05;29.86
2023-07-02 06;18.44
2023-07-02 07;20.3
2023-07-02 08;23.7
2023-07-02 09;19.02
2023-07-02 10;20.3
2023-07-02 11;24.23
2023-07-02 12;26.94
2023-07-02 13;29.11
2023-07-02 14;35.7
2023-07-02 15;46.22
2023-07-02 16;47.21
2023-07-02 17;42.27
2023-07-02 18;32.97
2023-07-02 19;25.2
2023-07-02 20;19.51
2023-07-02 21;16.58
2023-07-02 22;15.56
2023-07-02 23;18.94
2023-07-03 00;18.22
2023-07-03 01;15.48
2023-07-03 02;13.89
2023-07-03 03;12.91
2023-07-03 04;10.49
2023-07-03 05;11.28
2023-07-03 06;11.61
2023-07-03 07;12.88
2023-07-03 08;13.64
2023-07-03 09;13.92
2023-07-03 10;17.28
2023-07-03 11;24.71
2023-07-03 12;38.91
2023-07-03 13;50.1
2023-07-03 14;41.96
2023-07-03 15;35.42
2023-07-03 16;33
2023-07-03 17;38.95
2023-07-03 18;44.7
2023-07-03 19;44.27
2023-07-03 20;29.63
2023-07-03 21;23.58
2023-07-03 22;29.86
2023-07-03 23;27.76
2023-07-04 00;39.28
2023-07-04 01;34.47
2023-07-04 02;35.24
2023-07-04 03;37.92
2023-07-04 04;47.19
2023-07-04 05;58.16
2023-07-04 06;39.62
2023-07-04 07;35.68
2023-07-04 08;47.46
2023-07-04 09;51.03
2023-07-04 10;60.5
2023-07-04 11;87.8
2023-07-04 12;42.56
2023-07-04 13;39.38
2023-07-04 14;49.05
2023-07-04 15;54.63
2023-07-04 16;57.57
2023-07-04 17;55.28
2023-07-04 18;48.69
2023-07-04 19;49.75
2023-07-04 20;53.01
2023-07-04 21;45.27
2023-07-04 22;48.94
2023-07-04 23;47.02
2023-07-05 00;49.81
2023-07-05 01;64
2023-07-05 02;55.25
2023-07-05 03;35.93
2023-07-05 04;36.12
2023-07-05 05;35.36
2023-07-05 06;36.76
2023-07-05 07;35.11
2023-07-05 08;34.5
2023-07-05 09;38.06
2023-07-05 10;40.88
2023-07-05 11;46.33
2023-07-05 12;27.45
2023-07-05 13;25.38
2023-07-05 14;29.21
2023-07-05 15;45.92
2023-07-05 16;41.83
2023-07-05 17;31.23
2023-07-05 18;29.55
2023-07-05 19;27.92
2023-07-05 20;32.87
2023-07-05 21;34.4
2023-07-05 22;33.4
2023-07-05 23;33.01
2023-07-06 00;29.86
2023-07-06 01;28.35
2023-07-06 02;25.08
2023-07-06 03;24.23
2023-07-06 04;26.11
2023-07-06 05;23.53
2023-07-06 06;19.14
2023-07-06 07;15.37
2023-07-06 08;14.54
2023-07-06 09;14.39
2023-07-06 10;19.56
2023-07-06 11;21.95
2023-07-06 12;22.62
2023-07-06 13;26.81
2023-07-06 14;25.63
2023-07-06 15;21.14
2023-07-06 16;19.7
2023-07-06 17;25.39
2023-07-06 18;34.12
2023-07-06 19;43.88
2023-07-06 20;39.36
2023-07-06 21;39.3
2023-07-06 22;34.01
2023-07-06 23;38.49
2023-07-07 00;35.84
2023-07-07 01;40.08
2023-07-07 02;37.56
2023-07-07 03;36.56
2023-07-07 04;31.41
2023-07-07 05;27.8
2023-07-07 06;28.21
2023-07-07 07;29.33
2023-07-07 08;21.42
2023-07-07 09;18.71
2023-07-07 10;18.36
2023-07-07 11;20.37
2023-07-07 12;22.48
2023-07-07 13;29.72
2023-07-07 14;50.87
2023-07-07 15;51.33
2023-07-07 16;42.3
2023-07-07 17;49.24
2023-07-07 18;46.17
2023-07-07 19;47.94
2023-07-07 20;39.74
2023-07-07 21;29.8
2023-07-07 22;34.28
2023-07-07 23;33
2023-07-08 00;24.26
2023-07-08 01;24.08
2023-07-08 02;32.71
2023-07-08 03;34.27
2023-07-08 04;27.61
2023-07-08 05;26.97
2023-07-08 06;31.08
2023-07-08 07;32.54
2023-07-08 08;28.96
2023-07-08 09;43.15
2023-07-08 10;49.96
2023-07-08 11;28.07
2023-07-08 12;32.4
2023-07-08 13;50.39
2023-07-08 14;57.44
2023-07-08 15;52.79
2023-07-08 16;53.46
2023-07-08 17;59.93
2023-07-08 18;60.27
2023-07-08 19;48.23
2023-07-08 20;42.77
2023-07-08 21;38.84
2023-07-08 22;36.65
2023-07-08 23;27.39
2023-07-09 00;31.41
2023-07-09 01;39.89
2023-07-09 02;41.11
2023-07-09 03;38.77
2023-07-09 04;40.05
2023-07-09 05;41.89
2023-07-09 06;35.32
2023-07-09 07;37.32
2023-07-09 08;37.02
2023-07-09 09;32.28
2023-07-09 10;30.68
2023-07-09 11;23.43
2023-07-09 12;31.6
2023-07-09 13;24.33
2023-07-09 14;27.86
2023-07-09 15;38.07
2023-07-09 16;47.05
2023-07-09 17;50.55
2023-07-09 18;50.74
2023-07-09 19;41.31
2023-07-09 20;32.9
2023-07-09 21;37.07
2023-07-09 22;32.54
2023-07-09 23;30.55
2023-07-10 00;32.77
2023-07-10 01;34.42
2023-07-10 02;39.12
2023-07-10 03;40.75
2023-07-10 04;37.8
2023-07-10 05;42.94
2023-07-10 06;39.75
2023-07-10 07;41.57
2023-07-10 08;40.81
2023-07-10 09;55.09
2023-07-10 10;64.47
2023-07-10 11;67.47
2023-07-10 12;85.5
2023-07-10 13;74.91
2023-07-10 14;51.99
2023-07-10 15;54.25
2023-07-10 16;59.62
2023-07-10 17;54.79
2023-07-10 18;34.91
2023-07-10 19;40.03
2023-07-10 20;43.54
2023-07-10 21;35.23
2023-07-10 22;38.4
2023-07-10 23;36.62
2023-07-11 00;34.05
2023-07-11 01;38.22
2023-07-11 02;40.13
2023-07-11 03;46.84
2023-07-11 04;45.31
2023-07-11 05;46.88
2023-07-11 06;40.21
2023-07-11 07;30.87
2023-07-11 08;31.74
2023-07-11 09;40.66
2023-07-11 10;39.4
2023-07-11 11;40.18
2023-07-11 12;51.88
2023-07-11 13;61.91
2023-07-11 14;68.99
2023-07-11 15;63.85
2023-07-11 16;63.28
2023-07-11 17;61.76
2023-07-11 18;59.46
2023-07-11 19;42.5
2023-07-11 20;33.31
2023-07-11 21;34.98
2023-07-11 22;33.44
2023-07-11 23;41.47
2023-07-12 00;44.28
2023-07-12 01;43.22
2023-07-12 02;44.49
2023-07-12 03;42
2023-07-12 04;44.66
2023-07-12 05;45.87
2023-07-12 06;37.43
2023-07-12 07;30.1
2023-07-12 08;23.13
2023-07-12 09;19.96
2023-07-12 10;23.22
2023-07-12 11;23.59
2023-07-12 12;26.81
2023-07-12 13;34.15
2023-07-12 14;32.95
2023-07-12 15;34.29
2023-07-12 16;38.67
2023-07-12 17;36.76
2023-07-12 18;31.5
2023-07-12 19;31.46
2023-07-12 20;32.92
2023-07-12 21;31.91
2023-07-12 22;34.92
2023-07-12 23;35.17
2023-07-13 00;31.33
2023-07-13 01;29.8
2023-07-13 02;31.49
2023-07-13 03;34.73
2023-07-13 04;30.9
2023-07-13 05;28.52
2023-07-13 06;26.29
2023-07-13 07;19.27
2023-07-13 08;25.83
2023-07-13 09;26.4
2023-07-13 10;31.2
2023-07-13 11;31.35
2023-07-13 12;36.76
2023-07-13 13;42.66
2023-07-13 14;47.55
2023-07-13 15;54.41
2023-07-13 16;56.49
2023-07-13 17;54.75
2023-07-13 18;50.05
2023-07-13 19;39.02
2023-07-13 20;32.66
2023-07-13 21;29.6
2023-07-13 22;25.98
2023-07-13 23;28.78
2023-07-14 00;35.08
2023-07-14 01;38.41
2023-07-14 02;33.06
2023-07-14 03;29.4
2023-07-14 04;29.13
2023-07-14 05;27.03
2023-07-14 06;27.24
2023-07-14 07;27
2023-07-14 08;19.12
2023-07-14 09;21.94
2023-07-14 10;22.84
2023-07-14 11;22.37
2023-07-14 12;21.89
2023-07-14 13;23.8
2023-07-14 14;26.45
2023-07-14 15;30.66
2023-07-14 16;39.74
2023-07-14 17;36.98
2023-07-14 18;40.86
2023-07-14 19;45.28
2023-07-14 20;41.72
2023-07-14 21;38.35
2023-07-14 22;42.93
2023-07-14 23;40.28
2023-07-15 00;39.39
2023-07-15 01;47.92
2023-07-15 02;51.13
2023-07-15 03;60.89
2023-07-15 04;50.08
2023-07-15 05;46.06
2023-07-15 06;37.61
2023-07-15 07;36.45
2023-07-15 08;48.44
2023-07-15 09;43.85
2023-07-15 10;34.33
2023-07-15 11;35.82
2023-07-15 12;42.14
2023-07-15 13;57.44
2023-07-15 14;56.3
2023-07-15 15;60.86
2023-07-15 16;62.83
2023-07-15 17;63.26
2023-07-15 18;57.2
2023-07-15 19;57.13
2023-07-15 20;38.11
2023-07-15 21;34.53
2023-07-15 22;39.94
2023-07-15 23;30.5
2023-07-16 00;25.21
2023-07-16 01;38.33
2023-07-16 02;43.72
2023-07-16 03;40.18
2023-07-16 04;40.25
2023-07-16 05;44.3
2023-07-16 06;42.56
2023-07-16 07;53.72
2023-07-16 08;60.87
2023-07-16 09;57.47
2023-07-16 10;49.22
2023-07-16 11;48.63
2023-07-16 12;59.29
2023-07-16 13;62.86
2023-07-16 14;90.6
2023-07-16 15;56.13
2023-07-16 16;46.88
2023-07-16 17;27.2
2023-07-16 18;23.95
2023-07-16 19;24.62
2023-07-16 20;25.07
2023-07-16 21;26.96
2023-07-16 22;30.2
2023-07-16 23;27.26
2023-07-17 00;21.42
2023-07-17 01;26.44
2023-07-17 02;32.91
2023-07-17 03;33.7
2023-07-17 04;27.57
2023-07-17 05;25.34
2023-07-17 06;25.42
2023-07-17 07;29.24
2023-07-17 08;33.61
2023-07-17 09;38.39
2023-07-17 10;36.92
2023-07-17 11;44.38
2023-07-17 12;41.56
2023-07-17 13;41.95
2023-07-17 14;38.45
2023-07-17 15;35.23
2023-07-17 16;39.72
2023-07-17 17;48.69
2023-07-17 18;57.03
2023-07-17 19;54.84
2023-07-17 20;40.77
2023-07-17 21;35.96
2023-07-17 22;21.55
2023-07-17 23;17.93
2023-07-18 00;19.32
2023-07-18 01;26.98
2023-07-18 02;34.09
2023-07-18 03;46.4
2023-07-18 04;43.66
2023-07-18 05;39.31
2023-07-18 06;38.21
2023-07-18 07;41.14
2023-07-18 08;41.44
2023-07-18 09;38.41
2023-07-18 10;36.83
2023-07-18 11;45.69
2023-07-18 12;45.55
2023-07-18 13;46.08
2023-07-18 14;46.3
2023-07-18 15;47.55
2023-07-18 16;60.43
2023-07-18 17;51.31
2023-07-18 18;35.1
2023-07-18 19;25.34
2023-07-18 20;22.9
2023-07-18 21;19.66
2023-07-18 22;21.56
2023-07-18 23;23.51
2023-07-19 00;20.93
2023-07-19 01;25.73
2023-07-19 02;34.8
2023-07-19 03;40.33
2023-07-19 04;40.95
2023-07-19 05;42.57
2023-07-19 06;41.73
2023-07-19 07;42.09
2023-07-19 08;40.17
2023-07-19 09;37.47
2023-07-19 10;40.44
2023-07-19 11;40.07
2023-07-19 12;50.45
2023-07-19 13;56.2
2023-07-19 14;70.28
2023-07-19 15;72.46
2023-07-19 16;62.19
2023-07-19 17;51.09
2023-07-19 18;33.59
2023-07-19 19;27.54
2023-07-19 20;26.29
2023-07-19 21;23.21
2023-07-19 22;21.53
2023-07-19 23;29.86
2023-07-20 00;30.06
2023-07-20 01;33.47
2023-07-20 02;34.19
2023-07-20 03;39.3
2023-07-20 04;43.99
2023-07-20 05;52.78
2023-07-20 06;43.34
2023-07-20 07;42.1
2023-07-20 08;47.42
2023-07-20 09;37.28
2023-07-20 10;35.36
2023-07-20 11;42.55
2023-07-20 12;50.66
2023-07-20 13;58.19
2023-07-20 14;67.9
2023-07-20 15;75.24
2023-07-20 16;73.93
2023-07-20 17;41.41
2023-07-20 18;35.72
2023-07-20 19;30.03
2023-07-20 20;32.11
2023-07-20 21;30.56
2023-07-20 22;34.54
2023-07-20 23;32.73
2023-07-21 00;27.33
2023-07-21 01;30.55
2023-07-21 02;40.31
2023-07-21 03;44.65
2023-07-21 04;38.75
2023-07-21 05;49.45
2023-07-21 06;38.05
2023-07-21 07;40.22
2023-07-21 08;27.99
2023-07-21 09;31.7
2023-07-21 10;30.83
2023-07-21 11;29.13
2023-07-21 12;29.25
2023-07-21 13;46.59
2023-07-21 14;63.93
2023-07-21 15;77.26
2023-07-21 16;51.46
2023-07-21 17;44.16
2023-07-21 18;39.09
2023-07-21 19;30.78
2023-07-21 20;29.68
2023-07-21 21;30.38
2023-07-21 22;31.98
2023-07-21 23;33.86
2023-07-22 00;37.54
2023-07-22 01;38.1
2023-07-22 02;43.97
2023-07-22 03;40.54
2023-07-22 04;33.75
2023-07-22 05;31.31
2023-07-22 06;29.08
2023-07-22 07;
2023-07-22 08;
2023-07-22 09;
2023-07-22 10;
2023-07-22 11;
2023-07-22 12;
2023-07-22 13;
2023-07-22 14;
2023-07-22 15;
2023-07-22 16;
2023-07-22 17;
2023-07-22 18;
2023-07-22 19;
2023-07-22 20;
2023-07-22 21;
2023-07-22 22;
2023-07-22 23;
2023-07-23 00;
2023-07-23 01;
2023-07-23 02;
2023-07-23 03;
2023-07-23 04;
2023-07-23 05;
2023-07-23 06;
2023-07-23 07;
2023-07-23 08;
2023-07-23 09;
2023-07-23 10;
2023-07-23 11;
2023-07-23 12;
2023-07-23 13;
2023-07-23 14;
2023-07-23 15;
2023-07-23 16;
2023-07-23 17;
2023-07-23 18;
2023-07-23 19;
2023-07-23 20;
2023-07-23 21;
2023-07-23 22;
2023-07-23 23;
2023-07-24 00;
2023-07-24 01;
2023-07-24 02;
2023-07-24 03;
2023-07-24 04;
2023-07-24 05;
2023-07-24 06;
2023-07-24 07;
2023-07-24 08;
2023-07-24 09;
2023-07-24 10;
2023-07-24 11;
2023-07-24 12;
2023-07-24 13;
2023-07-24 14;
2023-07-24 15;
2023-07-24 16;
2023-07-24 17;
2023-07-24 18;
2023-07-24 19;
2023-07-24 20;
2023-07-24 21;
2023-07-24 22;32.68
2023-07-24 23;29.72
2023-07-25 00;31.08
2023-07-25 01;30.41
2023-07-25 02;29.67
2023-07-25 03;31.44
2023-07-25 04;35.66
2023-07-25 05;35.79
2023-07-25 06;39.25
2023-07-25 07;46.19
2023-07-25 08;40.72
2023-07-25 09;31.01
2023-07-25 10;28.33
2023-07-25 11;26.09
2023-07-25 12;23.38
2023-07-25 13;26.86
2023-07-25 14;25.06
2023-07-25 15;27.36
2023-07-25 16;29.66
2023-07-25 17;21.41
2023-07-25 18;24.08
2023-07-25 19;23.67
2023-07-25 20;29.01
2023-07-25 21;21.6
2023-07-25 22;17.71
2023-07-25 23;16.45
2023-07-26 00;26.31
2023-07-26 01;23.52
2023-07-26 02;28
2023-07-26 03;29.64
2023-07-26 04;26.63
2023-07-26 05;26.51
2023-07-26 06;20.05
2023-07-26 07;15.91
2023-07-26 08;17.41
2023-07-26 09;15.72
2023-07-26 10;15.1
2023-07-26 11;15.12
2023-07-26 12;16.89
2023-07-26 13;21.14
2023-07-26 14;24.82
2023-07-26 15;27.21
2023-07-26 16;27.61
2023-07-26 17;25.81
2023-07-26 18;31.92
2023-07-26 19;32.54
2023-07-26 20;29.5
2023-07-26 21;31.64
2023-07-26 22;29.88
2023-07-26 23;32.43
2023-07-27 00;32.88
2023-07-27 01;22.64
2023-07-27 02;19.64
2023-07-27 03;
2023-07-27 04;
2023-07-27 05;
2023-07-27 06;
2023-07-27 07;
2023-07-27 08;
2023-07-27 09;
2023-07-27 10;
2023-07-27 11;
2023-07-27 12;
2023-07-27 13;
2023-07-27 14;
2023-07-27 15;
2023-07-27 16;
2023-07-27 17;
2023-07-27 18;
2023-07-27 19;
2023-07-27 20;
2023-07-27 21;
2023-07-27 22;
2023-07-27 23;
2023-07-28 00;
2023-07-28 01;
2023-07-28 02;
2023-07-28 03;
2023-07-28 04;
2023-07-28 05;
2023-07-28 06;
2023-07-28 07;
2023-07-28 08;
2023-07-28 09;
2023-07-28 10;
2023-07-28 11;
2023-07-28 12;
2023-07-28 13;
2023-07-28 14;
2023-07-28 15;
2023-07-28 16;
2023-07-28 17;
2023-07-28 18;
2023-07-28 19;
2023-07-28 20;
2023-07-28 21;
2023-07-28 22;
2023-07-28 23;
2023-07-29 00;
2023-07-29 01;
2023-07-29 02;
2023-07-29 03;
2023-07-29 04;
2023-07-29 05;
2023-07-29 06;
2023-07-29 07;
2023-07-29 08;
2023-07-29 09;
2023-07-29 10;
2023-07-29 11;
2023-07-29 12;
2023-07-29 13;
2023-07-29 14;
2023-07-29 15;
2023-07-29 16;
2023-07-29 17;
2023-07-29 18;
2023-07-29 19;
2023-07-29 20;
2023-07-29 21;
2023-07-29 22;
2023-07-29 23;
2023-07-30 00;
2023-07-30 01;
2023-07-30 02;
2023-07-30 03;
2023-07-30 04;
2023-07-30 05;
2023-07-30 06;
2023-07-30 07;
2023-07-30 08;
2023-07-30 09;
2023-07-30 10;
2023-07-30 11;
2023-07-30 12;
2023-07-30 13;
2023-07-30 14;
2023-07-30 15;
2023-07-30 16;
2023-07-30 17;
2023-07-30 18;
2023-07-30 19;
2023-07-30 20;
2023-07-30 21;
2023-07-30 22;
2023-07-30 23;
2023-07-31 00;
2023-07-31 01;
2023-07-31 02;
2023-07-31 03;
2023-07-31 04;
2023-07-31 05;
2023-07-31 06;
2023-07-31 07;
2023-07-31 08;
2023-07-31 09;
2023-07-31 10;
2023-07-31 11;
2023-07-31 12;
2023-07-31 13;
2023-07-31 14;
2023-07-31 15;
2023-07-31 16;
2023-07-31 17;
2023-07-31 18;
2023-07-31 19;
2023-07-31 20;
2023-07-31 21;
2023-07-31 22;29.54
2023-07-31 23;26.06
2023-08-01 00;27.23
2023-08-01 01;28.6
2023-08-01 02;32.41
2023-08-01 03;35.57
2023-08-01 04;43.63
2023-08-01 05;39.45
2023-08-01 06;51.79
2023-08-01 07;63.79
2023-08-01 08;45.15
2023-08-01 09;44.35
2023-08-01 10;42.22
2023-08-01 11;43.14
2023-08-01 12;42.54
2023-08-01 13;34.04
2023-08-01 14;28.79
2023-08-01 15;33.83
2023-08-01 16;33.59
2023-08-01 17;39.18
2023-08-01 18;39.49
2023-08-01 19;36
2023-08-01 20;31.99
2023-08-01 21;28.47
2023-08-01 22;30.17
2023-08-01 23;26.48
2023-08-02 00;25.23
2023-08-02 01;25.95
2023-08-02 02;34
2023-08-02 03;43.29
2023-08-02 04;48.59
2023-08-02 05;49.46
2023-08-02 06;48.76
2023-08-02 07;51.3
2023-08-02 08;55.87
2023-08-02 09;62.1
2023-08-02 10;48.43
2023-08-02 11;42.03
2023-08-02 12;35.6
2023-08-02 13;34.84
2023-08-02 14;37.11
2023-08-02 15;49.76
2023-08-02 16;51.44
2023-08-02 17;40.84
2023-08-02 18;41.4
2023-08-02 19;35.59
2023-08-02 20;28.54
2023-08-02 21;23.11
2023-08-02 22;22.69
2023-08-02 23;27.02
2023-08-03 00;24.34
2023-08-03 01;22.43
2023-08-03 02;31.17
2023-08-03 03;
2023-08-03 04;
2023-08-03 05;
2023-08-03 06;
2023-08-03 07;
2023-08-03 08;
2023-08-03 09;
2023-08-03 10;
2023-08-03 11;
2023-08-03 12;
2023-08-03 13;
2023-08-03 14;
2023-08-03 15;
2023-08-03 16;
2023-08-03 17;
2023-08-03 18;
2023-08-03 19;
2023-08-03 20;
2023-08-03 21;
2023-08-03 22;
2023-08-03 23;
2023-08-04 00;
2023-08-04 01;
2023-08-04 02;
2023-08-04 03;
2023-08-04 04;
2023-08-04 05;
2023-08-04 06;
2023-08-04 07;
2023-08-04 08;
2023-08-04 09;
2023-08-04 10;
2023-08-04 11;
2023-08-04 12;
2023-08-04 13;
2023-08-04 14;
2023-08-04 15;
2023-08-04 16;
2023-08-04 17;
2023-08-04 18;50.48
2023-08-04 19;47
2023-08-04 20;34.02
2023-08-04 21;27.52
2023-08-04 22;21.03
2023-08-04 23;23.95
2023-08-05 00;25.88
2023-08-05 01;28.4
2023-08-05 02;33.39
2023-08-05 03;33.93
2023-08-05 04;34.47
2023-08-05 05;34.83
2023-08-05 06;40.74
2023-08-05 07;56.34
2023-08-05 08;54.32
2023-08-05 09;43.44
2023-08-05 10;38.8
2023-08-05 11;43.71
2023-08-05 12;42.61
2023-08-05 13;44.72
2023-08-05 14;56.26
2023-08-05 15;56.93
2023-08-05 16;60.41
2023-08-05 17;55.35
2023-08-05 18;43.85
2023-08-05 19;36.61
2023-08-05 20;38.27
2023-08-05 21;38.56
2023-08-05 22;31.84
2023-08-05 23;35.22
2023-08-06 00;33.89
2023-08-06 01;35.34
2023-08-06 02;61.97
2023-08-06 03;71.27
2023-08-06 04;37.07
2023-08-06 05;43.12
2023-08-06 06;28.43
2023-08-06 07;26
2023-08-06 08;29
2023-08-06 09;32.37
2023-08-06 10;39.35
2023-08-06 11;50.96
2023-08-06 12;48.61
2023-08-06 13;42.3
2023-08-06 14;47.36
2023-08-06 15;51.32
2023-08-06 16;45.19
2023-08-06 17;38.23
2023-08-06 18;38.93
2023-08-06 19;36.46
2023-08-06 20;37.59
2023-08-06 21;40.58
2023-08-06 22;33.97
2023-08-06 23;31.04
2023-08-07 00;31.57
2023-08-07 01;31.3
2023-08-07 02;38.03
2023-08-07 03;43.57
2023-08-07 04;39.65
2023-08-07 05;37.25
2023-08-07 06;31.37
2023-08-07 07;22
2023-08-07 08;21.06
2023-08-07 09;18.53
2023-08-07 10;20.92
2023-08-07 11;22.38
2023-08-07 12;22.52
2023-08-07 13;24.46
2023-08-07 14;30.64
2023-08-07 15;43.3
2023-08-07 16;49.83
2023-08-07 17;49.02
2023-08-07 18;37.84
2023-08-07 19;35.22
2023-08-07 20;34.04
2023-08-07 21;32.99
2023-08-07 22;32.57
2023-08-07 23;25.89
2023-08-08 00;25.15
2023-08-08 01;30.55
2023-08-08 02;42.04
2023-08-08 03;41.85
2023-08-08 04;40.89
2023-08-08 05;30.42
2023-08-08 06;30.43
2023-08-08 07;42.35
2023-08-08 08;43.73
2023-08-08 09;30.23
2023-08-08 10;42.02
2023-08-08 11;38.46
2023-08-08 12;40.11
2023-08-08 13;46.13
2023-08-08 14;52.04
2023-08-08 15;58.02
2023-08-08 16;64.04
2023-08-08 17;61.48
2023-08-08 18;60.54
2023-08-08 19;50.26
2023-08-08 20;33.83
2023-08-08 21;27.88
2023-08-08 22;34.47
2023-08-08 23;30.14
2023-08-09 00;31.89
2023-08-09 01;36.08
2023-08-09 02;40.36
2023-08-09 03;39.72
2023-08-09 04;40.24
2023-08-09 05;44.69
2023-08-09 06;48.26
2023-08-09 07;47.69
2023-08-09 08;50.25
2023-08-09 09;63.11
2023-08-09 10;70.85
2023-08-09 11;60.68
2023-08-09 12;58.58
2023-08-09 13;61.14
2023-08-09 14;54.11
2023-08-09 15;48.29
2023-08-09 16;45.95
2023-08-09 17;49.45
2023-08-09 18;36.59
2023-08-09 19;30.18
2023-08-09 20;31.17
2023-08-09 21;35.66
2023-08-09 22;35.53
2023-08-09 23;34.55
2023-08-10 00;38.8
2023-08-10 01;42.04
2023-08-10 02;35.81
2023-08-10 03;38.84
2023-08-10 04;41.75
2023-08-10 05;42.44
2023-08-10 06;44.81
2023-08-10 07;40.06
2023-08-10 08;34.24
2023-08-10 09;27.28
2023-08-10 10;29.01
2023-08-10 11;27.7
2023-08-10 12;28.34
2023-08-10 13;34.4
2023-08-10 14;27.87
2023-08-10 15;23
2023-08-10 16;82.1
2023-08-10 17;32.16
2023-08-10 18;37.77
2023-08-10 19;32.13
2023-08-10 20;29.28
2023-08-10 21;21.52
2023-08-10 22;20.57
2023-08-10 23;24.72
2023-08-11 00;24.64
2023-08-11 01;21.87
2023-08-11 02;24
2023-08-11 03;26.21
2023-08-11 04;24.41
2023-08-11 05;30.69
2023-08-11 06;28.47
2023-08-11 07;31.05
2023-08-11 08;25.32
2023-08-11 09;23.42
2023-08-11 10;15.36
2023-08-11 11;11.52
2023-08-11 12;22.38
2023-08-11 13;24.15
2023-08-11 14;26.61
2023-08-11 15;21.48
2023-08-11 16;32.65
2023-08-11 17;27.36
2023-08-11 18;20.98
2023-08-11 19;25.45
2023-08-11 20;35.92
2023-08-11 21;41.28
2023-08-11 22;32.93
2023-08-11 23;33.37
2023-08-12 00;33.94
2023-08-12 01;34.66
2023-08-12 02;31.49
2023-08-12 03;26.04
2023-08-12 04;20.92
2023-08-12 05;19.13
2023-08-12 06;18.35
2023-08-12 07;15.77
2023-08-12 08;18.47
2023-08-12 09;19.44
2023-08-12 10;19.28
2023-08-12 11;21.17
2023-08-12 12;18.53
2023-08-12 13;21.67
2023-08-12 14;21.29
2023-08-12 15;27.56
2023-08-12 16;29.52
2023-08-12 17;33.47
2023-08-12 18;38.55
2023-08-12 19;40.4
2023-08-12 20;49.31
2023-08-12 21;32.81
2023-08-12 22;25.49
2023-08-12 23;21.6
2023-08-13 00;26.22
2023-08-13 01;32.76
2023-08-13 02;29.41
2023-08-13 03;39.65
2023-08-13 04;50.26
2023-08-13 05;27.49
2023-08-13 06;25.42
2023-08-13 07;25.65
2023-08-13 08;26.98
2023-08-13 09;27.71
2023-08-13 10;25.3
2023-08-13 11;28.81
2023-08-13 12;25.65
2023-08-13 13;30.11
2023-08-13 14;23.21
2023-08-13 15;15.05
2023-08-13 16;20.72
2023-08-13 17;30.2
2023-08-13 18;36.79
2023-08-13 19;33.47
2023-08-13 20;31.16
2023-08-13 21;23.72
2023-08-13 22;20.57
2023-08-13 23;19.53
2023-08-14 00;24.99
2023-08-14 01;25.27
2023-08-14 02;31.8
2023-08-14 03;33.31
2023-08-14 04;34.69
2023-08-14 05;34.87
2023-08-14 06;30.23
2023-08-14 07;27.32
2023-08-14 08;28.95
2023-08-14 09;27.45
2023-08-14 10;31.57
2023-08-14 11;43.49
2023-08-14 12;48.17
2023-08-14 13;50.63
2023-08-14 14;57.72
2023-08-14 15;61.07
2023-08-14 16;58.13
2023-08-14 17;52.12
2023-08-14 18;40.73
2023-08-14 19;30.95
2023-08-14 20;25.83
2023-08-14 21;32.52
2023-08-14 22;31.59
2023-08-14 23;27.07
2023-08-15 00;30.83
2023-08-15 01;38.73
2023-08-15 02;45.78
2023-08-15 03;46.32
2023-08-15 04;48.25
2023-08-15 05;47.52
2023-08-15 06;52.4
2023-08-15 07;41.86
2023-08-15 08;34.81
2023-08-15 09;27.82
2023-08-15 10;30.78
2023-08-15 11;29.04
2023-08-15 12;25.68
2023-08-15 13;28.97
2023-08-15 14;32.57
2023-08-15 15;28.78
2023-08-15 16;31.1
2023-08-15 17;26.47
2023-08-15 18;32.88
2023-08-15 19;40.22
2023-08-15 20;55.03
2023-08-15 21;54.56
2023-08-15 22;38.4
2023-08-15 23;27.1
2023-08-16 00;29.72
2023-08-16 01;34.57
2023-08-16 02;34.08
2023-08-16 03;33.04
2023-08-16 04;31.47
2023-08-16 05;28.95
2023-08-16 06;33.5
2023-08-16 07;30.88
2023-08-16 08;28.27
2023-08-16 09;18.76
2023-08-16 10;18.8
2023-08-16 11;16.65
2023-08-16 12;14.62
2023-08-16 13;14.76
2023-08-16 14;16.68
2023-08-16 15;24.49
2023-08-16 16;37.83
2023-08-16 17;35.46
2023-08-16 18;35.08
2023-08-16 19;34.96
2023-08-16 20;37
2023-08-16 21;37.36
2023-08-16 22;24.36
2023-08-16 23;24.2
2023-08-17 00;32.15
2023-08-17 01;36.93
2023-08-17 02;33.16
2023-08-17 03;24.72
2023-08-17 04;18.85
2023-08-17 05;14.67
2023-08-17 06;14.3
2023-08-17 07;11.65
2023-08-17 08;13.18
2023-08-17 09;12.59
2023-08-17 10;11
2023-08-17 11;13.5
2023-08-17 12;15.51
2023-08-17 13;17.52
2023-08-17 14;20.12
2023-08-17 15;24.92
2023-08-17 16;33.7
2023-08-17 17;32.26
2023-08-17 18;35.65
2023-08-17 19;37
2023-08-17 20;34.15
2023-08-17 21;25.94
2023-08-17 22;25.41
2023-08-17 23;20.73
2023-08-18 00;16.81
2023-08-18 01;21.6
2023-08-18 02;22.41
2023-08-18 03;30.72
2023-08-18 04;28.07
2023-08-18 05;28.19
2023-08-18 06;25.7
2023-08-18 07;22.64
2023-08-18 08;25.52
2023-08-18 09;25.22
2023-08-18 10;28.19
2023-08-18 11;28.66
2023-08-18 12;29.79
2023-08-18 13;28.41
2023-08-18 14;26.21
2023-08-18 15;30.01
2023-08-18 16;39.86
2023-08-18 17;37.79
2023-08-18 18;32.98
2023-08-18 19;34.84
2023-08-18 20;29.85
2023-08-18 21;30.41
2023-08-18 22;38.96
2023-08-18 23;35.8
2023-08-19 00;33.06
2023-08-19 01;28.06
2023-08-19 02;35.12
2023-08-19 03;41.19
2023-08-19 04;32.34
2023-08-19 05;30.06
2023-08-19 06;35.2
2023-08-19 07;27.85
2023-08-19 08;26.2
2023-08-19 09;34.04
2023-08-19 10;31.89
2023-08-19 11;32.06
2023-08-19 12;30.76
2023-08-19 13;28.98
2023-08-19 14;40.65
2023-08-19 15;44.17
2023-08-19 16;43.66
2023-08-19 17;49.03
2023-08-19 18;40.02
2023-08-19 19;31.12
2023-08-19 20;29.34
2023-08-19 21;28.74
2023-08-19 22;24.67
2023-08-19 23;24.79
2023-08-20 00;22.71
2023-08-20 01;28.13
2023-08-20 02;34.99
2023-08-20 03;39.15
2023-08-20 04;42.62
2023-08-20 05;43.68
2023-08-20 06;46.99
2023-08-20 07;43.97
2023-08-20 08;45.74
2023-08-20 09;50.95
2023-08-20 10;40.62
2023-08-20 11;31.77
2023-08-20 12;37.56
2023-08-20 13;46.23
2023-08-20 14;64.44
2023-08-20 15;69.78
2023-08-20 16;42.92
2023-08-20 17;35.88
2023-08-20 18;33.25
2023-08-20 19;32.79
2023-08-20 20;29.89
2023-08-20 21;30.06
2023-08-20 22;27.14
2023-08-20 23;26.52
2023-08-21 00;32.09
2023-08-21 01;34.36
2023-08-21 02;37.36
2023-08-21 03;40.8
2023-08-21 04;37.93
2023-08-21 05;37.75
2023-08-21 06;33.08
2023-08-21 07;29.63
2023-08-21 08;32.36
2023-08-21 09;43.16
2023-08-21 10;60.91
2023-08-21 11;71.75
2023-08-21 12;87.5
2023-08-21 13;129.8
2023-08-21 14;85.5
2023-08-21 15;71.17
2023-08-21 16;54.49
2023-08-21 17;45.25
2023-08-21 18;36.01
2023-08-21 19;37.02
2023-08-21 20;37.93
2023-08-21 21;36.48
2023-08-21 22;35.41
2023-08-21 23;28.61
2023-08-22 00;27.17
2023-08-22 01;35.57
2023-08-22 02;40.81
2023-08-22 03;40.63
2023-08-22 04;48.23
2023-08-22 05;58.14
2023-08-22 06;59.07
2023-08-22 07;64.45
2023-08-22 08;61.96
2023-08-22 09;59.54
2023-08-22 10;51.23
2023-08-22 11;39
2023-08-22 12;28.64
2023-08-22 13;32.17
2023-08-22 14;33.85
2023-08-22 15;32.3
2023-08-22 16;33.39
2023-08-22 17;41.48
2023-08-22 18;44.79
2023-08-22 19;32.18
2023-08-22 20;30.73
2023-08-22 21;33.23
2023-08-22 22;30.06
2023-08-22 23;31.62
2023-08-23 00;38.45
2023-08-23 01;33.89
2023-08-23 02;25.54
2023-08-23 03;25.34
2023-08-23 04;21.59
2023-08-23 05;16.55
2023-08-23 06;11.26
2023-08-23 07;12.46
2023-08-23 08;6.76
2023-08-23 09;5.54
2023-08-23 10;7.49
2023-08-23 11;8.81
2023-08-23 12;10.82
2023-08-23 13;16.55
2023-08-23 14;17.68
2023-08-23 15;17.72
2023-08-23 16;18.2
2023-08-23 17;27.2
2023-08-23 18;28.28
2023-08-23 19;25.89
2023-08-23 20;29.78
2023-08-23 21;17.38
2023-08-23 22;18.84
2023-08-23 23;18.18
2023-08-24 00;19.93
2023-08-24 01;23.72
2023-08-24 02;21.61
2023-08-24 03;20.33
2023-08-24 04;23.62
2023-08-24 05;20.79
2023-08-24 06;20.31
2023-08-24 07;19.01
2023-08-24 08;19.61
2023-08-24 09;27.49
2023-08-24 10;31.95
2023-08-24 11;32.72
2023-08-24 12;37.42
2023-08-24 13;43.23
2023-08-24 14;51.53
2023-08-24 15;52.09
2023-08-24 16;53.46
2023-08-24 17;50.04
2023-08-24 18;29.84
2023-08-24 19;21.2
2023-08-24 20;19.28
2023-08-24 21;18.83
2023-08-24 22;26.89
2023-08-24 23;27.6
2023-08-25 00;35.59
2023-08-25 01;36.8
2023-08-25 02;34.08
2023-08-25 03;39.05
2023-08-25 04;42.94
2023-08-25 05;39.77
2023-08-25 06;37.21
2023-08-25 07;37.69
2023-08-25 08;37.22
2023-08-25 09;31.3
2023-08-25 10;38.75
2023-08-25 11;46.31
2023-08-25 12;48.71
2023-08-25 13;42.42
2023-08-25 14;40.36
2023-08-25 15;36.38
2023-08-25 16;39.25
2023-08-25 17;36.99
2023-08-25 18;31.9
2023-08-25 19;25.11
2023-08-25 20;21.24
2023-08-25 21;19.11
2023-08-25 22;19.52
2023-08-25 23;18.44
2023-08-26 00;24.37
2023-08-26 01;38.82
2023-08-26 02;41.14
2023-08-26 03;39.14
2023-08-26 04;38.5
2023-08-26 05;39.22
2023-08-26 06;30.9
2023-08-26 07;28.77
2023-08-26 08;30.29
2023-08-26 09;27.66
2023-08-26 10;17.65
2023-08-26 11;15.08
2023-08-26 12;16.29
2023-08-26 13;19.78
2023-08-26 14;22.64
2023-08-26 15;26.15
2023-08-26 16;34.28
2023-08-26 17;33.07
2023-08-26 18;29.64
2023-08-26 19;27.3
2023-08-26 20;27.15
2023-08-26 21;26.6
2023-08-26 22;28.18
2023-08-26 23;34.47
2023-08-27 00;37.3
2023-08-27 01;43.25
2023-08-27 02;48.35
2023-08-27 03;41.49
2023-08-27 04;42.98
2023-08-27 05;45.64
2023-08-27 06;45.15
2023-08-27 07;40.87
2023-08-27 08;39
2023-08-27 09;32.29
2023-08-27 10;31.34
2023-08-27 11;36.14
2023-08-27 12;31.2
2023-08-27 13;32.75
2023-08-27 14;40.33
2023-08-27 15;46.57
2023-08-27 16;41.28
2023-08-27 17;32.11
2023-08-27 18;27.93
2023-08-27 19;21.6
2023-08-27 20;17.47
2023-08-27 21;19.42
2023-08-27 22;23.55
2023-08-27 23;23.16
2023-08-28 00;30.61
2023-08-28 01;28.96
2023-08-28 02;29.44
2023-08-28 03;30.5
2023-08-28 04;32.15
2023-08-28 05;29.29
2023-08-28 06;29.41
2023-08-28 07;28.18
2023-08-28 08;29.6
2023-08-28 09;27.09
2023-08-28 10;25.06
2023-08-28 11;22.19
2023-08-28 12;30.28
2023-08-28 13;22.92
2023-08-28 14;27.62
2023-08-28 15;38.66
2023-08-28 16;43.1
2023-08-28 17;38.81
2023-08-28 18;38
2023-08-28 19;35.3
2023-08-28 20;31.12
2023-08-28 21;29.76
2023-08-28 22;28.35
2023-08-28 23;29.39
2023-08-29 00;37.74
2023-08-29 01;46.61
2023-08-29 02;41.15
2023-08-29 03;40.52
2023-08-29 04;43.32
2023-08-29 05;57.22
2023-08-29 06;56.52
2023-08-29 07;47.46
2023-08-29 08;59.95
2023-08-29 09;54.38
2023-08-29 10;50.68
2023-08-29 11;42.08
2023-08-29 12;51.05
2023-08-29 13;59.53
2023-08-29 14;60.51
2023-08-29 15;56.84
2023-08-29 16;50.9
2023-08-29 17;42.73
2023-08-29 18;34.66
2023-08-29 19;26.23
2023-08-29 20;28.44
2023-08-29 21;35.79
2023-08-29 22;30.26
2023-08-29 23;31.24
2023-08-30 00;38.48
2023-08-30 01;44.7
2023-08-30 02;37.95
2023-08-30 03;39.26
2023-08-30 04;38.91
2023-08-30 05;37.75
2023-08-30 06;35.71
2023-08-30 07;32.97
2023-08-30 08;32.25
2023-08-30 09;28.33
2023-08-30 10;29.76
2023-08-30 11;26.28
2023-08-30 12;21.95
2023-08-30 13;27.91
2023-08-30 14;38.92
2023-08-30 15;54.58
2023-08-30 16;49.34
2023-08-30 17;32.21
2023-08-30 18;27.85
2023-08-30 19;25.46
2023-08-30 20;21.39
2023-08-30 21;18.2
2023-08-30 22;19
2023-08-30 23;27.61
2023-08-31 00;35.05
2023-08-31 01;25.09
2023-08-31 02;18.88
2023-08-31 03;22.62
2023-08-31 04;17.61
2023-08-31 05;12.89
2023-08-31 06;11.44
2023-08-31 07;12.82
2023-08-31 08;15.04
2023-08-31 09;14.56
2023-08-31 10;16.45
2023-08-31 11;17.98
2023-08-31 12;20.64
2023-08-31 13;21.57
2023-08-31 14;26.56
2023-08-31 15;27.94
2023-08-31 16;26.97
2023-08-31 17;29.46
2023-08-31 18;34.73
2023-08-31 19;26.8
2023-08-31 20;29.8
2023-08-31 21;24.25
2023-08-31 22;23.59
2023-08-31 23;16.48
2023-09-01 00;17.8
2023-09-01 01;14.93
2023-09-01 02;17.75
2023-09-01 03;19.1
2023-09-01 04;13.89
2023-09-01 05;14.74
2023-09-01 06;13.05
2023-09-01 07;12.54
2023-09-01 08;20.86
2023-09-01 09;24.79
2023-09-01 10;16.24
2023-09-01 11;21.51
2023-09-01 12;29.15
2023-09-01 13;36.19
2023-09-01 14;41.22
2023-09-01 15;42.6
2023-09-01 16;52.78
2023-09-01 17;55.34
2023-09-01 18;46.03
2023-09-01 19;42.37
2023-09-01 20;47.2
2023-09-01 21;47.41
2023-09-01 22;40.27
2023-09-01 23;36.57
2023-09-02 00;41.59
2023-09-02 01;49.39
2023-09-02 02;47.7
2023-09-02 03;47.57
2023-09-02 04;46.3
2023-09-02 05;48.76
2023-09-02 06;44.16
2023-09-02 07;40.53
2023-09-02 08;52.78
2023-09-02 09;53.7
2023-09-02 10;37.09
2023-09-02 11;29.47
2023-09-02 12;25.55
2023-09-02 13;22.53
2023-09-02 14;32.02
2023-09-02 15;41.23
2023-09-02 16;34.08
2023-09-02 17;36.97
2023-09-02 18;30.5
2023-09-02 19;30.54
2023-09-02 20;41.21
2023-09-02 21;48.69
2023-09-02 22;46.43
2023-09-02 23;45.08
2023-09-03 00;50.98
2023-09-03 01;42.8
2023-09-03 02;44.23
2023-09-03 03;41.69
2023-09-03 04;46.41
2023-09-03 05;47.1
2023-09-03 06;38.2
2023-09-03 07;37.22
2023-09-03 08;27.23
2023-09-03 09;21.46
2023-09-03 10;15.32
2023-09-03 11;17.58
2023-09-03 12;20.77
2023-09-03 13;29.89
2023-09-03 14;25.24
2023-09-03 15;23.28
2023-09-03 16;23.76
2023-09-03 17;23.07
2023-09-03 18;26.7
2023-09-03 19;42.18
2023-09-03 20;31.3
2023-09-03 21;15.68
2023-09-03 22;14.65
2023-09-03 23;22.19
2023-09-04 00;23.84
2023-09-04 01;28.91
2023-09-04 02;25.94
2023-09-04 03;24.36
2023-09-04 04;18.16
2023-09-04 05;21.77
2023-09-04 06;16.1
2023-09-04 07;12.27
2023-09-04 08;12.97
2023-09-04 09;14.71
2023-09-04 10;16.4
2023-09-04 11;17.68
2023-09-04 12;19.26
2023-09-04 13;26.05
2023-09-04 14;25.59
2023-09-04 15;23.94
2023-09-04 16;34.24
2023-09-04 17;30.45
2023-09-04 18;25.76
2023-09-04 19;31.11
2023-09-04 20;31.83
2023-09-04 21;32.08
2023-09-04 22;25.52
2023-09-04 23;21.33
2023-09-05 00;28.59
2023-09-05 01;31.34
2023-09-05 02;38.41
2023-09-05 03;22.06
2023-09-05 04;28.76
2023-09-05 05;28.27
2023-09-05 06;29.81
2023-09-05 07;26.17
2023-09-05 08;26.47
2023-09-05 09;32.31
2023-09-05 10;24.84
2023-09-05 11;20.21
2023-09-05 12;23.05
2023-09-05 13;48.33
2023-09-05 14;50.48
2023-09-05 15;47.65
2023-09-05 16;41.3
2023-09-05 17;40.06
2023-09-05 18;32.09
2023-09-05 19;23.92
2023-09-05 20;20.17
2023-09-05 21;23.26
2023-09-05 22;23.52
2023-09-05 23;30.27
2023-09-06 00;30.76
2023-09-06 01;35.67
2023-09-06 02;39.14
2023-09-06 03;36.14
2023-09-06 04;33.29
2023-09-06 05;41.63
2023-09-06 06;34.01
2023-09-06 07;30.02
2023-09-06 08;27.74
2023-09-06 09;23.49
2023-09-06 10;25.01
2023-09-06 11;31.14
2023-09-06 12;29.19
2023-09-06 13;21.6
2023-09-06 14;20.78
2023-09-06 15;23.19
2023-09-06 16;29.61
2023-09-06 17;35.38
2023-09-06 18;35.08
2023-09-06 19;33.52
2023-09-06 20;31.76
2023-09-06 21;39.84
2023-09-06 22;41.48
2023-09-06 23;38.63
2023-09-07 00;40.45
2023-09-07 01;40.89
2023-09-07 02;39.59
2023-09-07 03;42.38
2023-09-07 04;40.46
2023-09-07 05;36.65
2023-09-07 06;32.46
2023-09-07 07;22.27
2023-09-07 08;14.74
2023-09-07 09;10.29
2023-09-07 10;12.21
2023-09-07 11;17.31
2023-09-07 12;16.3
2023-09-07 13;17.19
2023-09-07 14;23.16
2023-09-07 15;27.71
2023-09-07 16;28.23
2023-09-07 17;30.35
2023-09-07 18;27.06
2023-09-07 19;25.46
2023-09-07 20;30.55
2023-09-07 21;33.35
2023-09-07 22;30.63
2023-09-07 23;32.2
2023-09-08 00;26.41
2023-09-08 01;16.26
2023-09-08 02;16.11
2023-09-08 03;17.17
2023-09-08 04;22.77
2023-09-08 05;27.04
2023-09-08 06;25.45
2023-09-08 07;23.22
2023-09-08 08;23
2023-09-08 09;17.53
2023-09-08 10;13.86
2023-09-08 11;15.96
2023-09-08 12;19.97
2023-09-08 13;22.47
2023-09-08 14;24.94
2023-09-08 15;38.52
2023-09-08 16;33.94
2023-09-08 17;36.66
2023-09-08 18;35.41
2023-09-08 19;33.45
2023-09-08 20;28.63
2023-09-08 21;25.61
2023-09-08 22;31.56
2023-09-08 23;31.12
2023-09-09 00;38.6
2023-09-09 01;50.84
2023-09-09 02;47.18
2023-09-09 03;43.52
2023-09-09 04;40.58
2023-09-09 05;39.57
2023-09-09 06;41.05
2023-09-09 07;34.55
2023-09-09 08;20.99
2023-09-09 09;15.07
2023-09-09 10;14.66
2023-09-09 11;18.71
2023-09-09 12;18.03
2023-09-09 13;25.1
2023-09-09 14;21.62
2023-09-09 15;20.68
2023-09-09 16;21.16
2023-09-09 17;25.38
2023-09-09 18;21.67
2023-09-09 19;21.55
2023-09-09 20;24.47
2023-09-09 21;31.08
2023-09-09 22;40.2
2023-09-09 23;41.97
2023-09-10 00;35.63
2023-09-10 01;34
2023-09-10 02;30.74
2023-09-10 03;30.52
2023-09-10 04;27.77
2023-09-10 05;33.66
2023-09-10 06;34.9
2023-09-10 07;33.81
2023-09-10 08;34.22
2023-09-10 09;36.45
2023-09-10 10;31.25
2023-09-10 11;31.94
2023-09-10 12;52.66
2023-09-10 13;51
2023-09-10 14;52.39
2023-09-10 15;45.68
2023-09-10 16;44.45
2023-09-10 17;46.23
2023-09-10 18;44.98
2023-09-10 19;40.23
2023-09-10 20;41.5
2023-09-10 21;33.92
2023-09-10 22;29.1
2023-09-10 23;30.86
2023-09-11 00;25.18
2023-09-11 01;27.77
2023-09-11 02;32
2023-09-11 03;36.33
2023-09-11 04;29.8
2023-09-11 05;36.1
2023-09-11 06;38.02
2023-09-11 07;27.62
2023-09-11 08;26.57
2023-09-11 09;32.69
2023-09-11 10;29.31
2023-09-11 11;25.78
2023-09-11 12;29.37
2023-09-11 13;41.9
2023-09-11 14;42.34
2023-09-11 15;44.13
2023-09-11 16;44.41
2023-09-11 17;25.47
2023-09-11 18;21.57
2023-09-11 19;23.18
2023-09-11 20;26.31
2023-09-11 21;28.17
2023-09-11 22;34.84
2023-09-11 23;40.18
2023-09-12 00;40.66
2023-09-12 01;40.16
2023-09-12 02;50.94
2023-09-12 03;52.85
2023-09-12 04;50.87
2023-09-12 05;60.29
2023-09-12 06;71.78
2023-09-12 07;69.24
2023-09-12 08;72.16
2023-09-12 09;69.88
2023-09-12 10;56.06
2023-09-12 11;39.68
2023-09-12 12;43.44
2023-09-12 13;35.13
2023-09-12 14;30.92
2023-09-12 15;25.42
2023-09-12 16;29.21
2023-09-12 17;30.99
2023-09-12 18;32.25
2023-09-12 19;23.17
2023-09-12 20;18.46
2023-09-12 21;16.71
2023-09-12 22;16.59
2023-09-12 23;22.41
2023-09-13 00;28.71
2023-09-13 01;21.82
2023-09-13 02;16.6
2023-09-13 03;23.08
2023-09-13 04;20.43
2023-09-13 05;26.21
2023-09-13 06;24.9
2023-09-13 07;28.2
2023-09-13 08;49.25
2023-09-13 09;46.45
2023-09-13 10;45.79
2023-09-13 11;42.05
2023-09-13 12;32.72
2023-09-13 13;26.76
2023-09-13 14;24.23
2023-09-13 15;24.72
2023-09-13 16;26.71
2023-09-13 17;27.96
2023-09-13 18;24.1
2023-09-13 19;28.74
2023-09-13 20;37.99
2023-09-13 21;43.05
2023-09-13 22;50.6
2023-09-13 23;55.83
2023-09-14 00;41.24
2023-09-14 01;38.84
2023-09-14 02;49.82
2023-09-14 03;47.94
2023-09-14 04;55.27
2023-09-14 05;35.26
2023-09-14 06;17
2023-09-14 07;18.23
2023-09-14 08;21.15
2023-09-14 09;25.31
2023-09-14 10;21.16
2023-09-14 11;24.96
2023-09-14 12;23.28
2023-09-14 13;13.16
2023-09-14 14;7.652
2023-09-14 15;9.66
2023-09-14 16;8.97
2023-09-14 17;15.45
2023-09-14 18;20.38
2023-09-14 19;25.51
2023-09-14 20;30.94
2023-09-14 21;46.71
2023-09-14 22;38.3
2023-09-14 23;31.23
2023-09-15 00;29.52
2023-09-15 01;20.9
2023-09-15 02;25.54
2023-09-15 03;29.61
2023-09-15 04;35.75
2023-09-15 05;40.89
2023-09-15 06;33.38
2023-09-15 07;25.81
2023-09-15 08;21.14
2023-09-15 09;20.81
2023-09-15 10;28.43
2023-09-15 11;30.42
2023-09-15 12;32.27
2023-09-15 13;30.05
2023-09-15 14;37.16
2023-09-15 15;46.83
2023-09-15 16;43.2
2023-09-15 17;42
2023-09-15 18;40.8
2023-09-15 19;44.96
2023-09-15 20;37.16
2023-09-15 21;35.61
2023-09-15 22;39.64
2023-09-15 23;26.03
2023-09-16 00;26.47
2023-09-16 01;33.2
2023-09-16 02;35.83
2023-09-16 03;37.6
2023-09-16 04;51.19
2023-09-16 05;42.27
2023-09-16 06;26.47
2023-09-16 07;29.86
2023-09-16 08;21.16
2023-09-16 09;20.84
2023-09-16 10;22.72
2023-09-16 11;23.93
2023-09-16 12;38.06
2023-09-16 13;51
2023-09-16 14;65.84
2023-09-16 15;78.04
2023-09-16 16;84.8
2023-09-16 17;59.22
2023-09-16 18;42.98
2023-09-16 19;43.97
2023-09-16 20;33.83
2023-09-16 21;24.39
2023-09-16 22;21.97
2023-09-16 23;24.49
2023-09-17 00;27.14
2023-09-17 01;40.03
2023-09-17 02;34.09
2023-09-17 03;26.54
2023-09-17 04;29.25
2023-09-17 05;29.28
2023-09-17 06;26.18
2023-09-17 07;32.04
2023-09-17 08;27.71
2023-09-17 09;30.67
2023-09-17 10;34.21
2023-09-17 11;46.62
2023-09-17 12;60.42
2023-09-17 13;71.99
2023-09-17 14;68.27
2023-09-17 15;81.5
2023-09-17 16;59.77
2023-09-17 17;41.34
2023-09-17 18;29.43
2023-09-17 19;26.4
2023-09-17 20;23.01
2023-09-17 21;21.86
2023-09-17 22;23.85
2023-09-17 23;23.01
2023-09-18 00;21.1
2023-09-18 01;27.46
2023-09-18 02;32.82
2023-09-18 03;32.5
2023-09-18 04;29.85
2023-09-18 05;35.77
2023-09-18 06;32.71
2023-09-18 07;38.11
2023-09-18 08;46.73
2023-09-18 09;51.72
2023-09-18 10;52.59
2023-09-18 11;54.37
2023-09-18 12;58.41
2023-09-18 13;67.81
2023-09-18 14;68.91
2023-09-18 15;63.49
2023-09-18 16;45.63
2023-09-18 17;36.85
2023-09-18 18;34.51
2023-09-18 19;33.01
2023-09-18 20;40.1
2023-09-18 21;56.03
2023-09-18 22;53.52
2023-09-18 23;48.23
2023-09-19 00;58.42
2023-09-19 01;55.03
2023-09-19 02;55.85
2023-09-19 03;63.77
2023-09-19 04;66.61
2023-09-19 05;57.97
2023-09-19 06;48.53
2023-09-19 07;38.71
2023-09-19 08;28.72
2023-09-19 09;24.87
2023-09-19 10;23.82
2023-09-19 11;18.21
2023-09-19 12;23.39
2023-09-19 13;24.61
2023-09-19 14;23.29
2023-09-19 15;35.62
2023-09-19 16;44.25
2023-09-19 17;41.59
2023-09-19 18;28.35
2023-09-19 19;24.36
2023-09-19 20;20.71
2023-09-19 21;19.27
2023-09-19 22;26.25
2023-09-19 23;33.54
2023-09-20 00;37.72
2023-09-20 01;44.87
2023-09-20 02;45.26
2023-09-20 03;43.53
2023-09-20 04;43.29
2023-09-20 05;38.19
2023-09-20 06;34.37
2023-09-20 07;35.45
2023-09-20 08;29.57
2023-09-20 09;19.38
2023-09-20 10;17.98
2023-09-20 11;11.75
2023-09-20 12;15.66
2023-09-20 13;13.08
2023-09-20 14;14
2023-09-20 15;15.81
2023-09-20 16;16.81
2023-09-20 17;18.23
2023-09-20 18;19.87
2023-09-20 19;23.48
2023-09-20 20;27.03
2023-09-20 21;27.14
2023-09-20 22;24.52
2023-09-20 23;19.15
2023-09-21 00;28.78
2023-09-21 01;31.61
2023-09-21 02;31.82
2023-09-21 03;28.04
2023-09-21 04;30.78
2023-09-21 05;26.92
2023-09-21 06;25.17
2023-09-21 07;19.97
2023-09-21 08;21.99
2023-09-21 09;22.43
2023-09-21 10;19.4
2023-09-21 11;15.5
2023-09-21 12;14.26
2023-09-21 13;14.06
2023-09-21 14;17.7
2023-09-21 15;22.03
2023-09-21 16;31.1
2023-09-21 17;35.73
2023-09-21 18;32.79
2023-09-21 19;27.3
2023-09-21 20;24.17
2023-09-21 21;23.74
2023-09-21 22;24.24
2023-09-21 23;24.18
2023-09-22 00;21.23
2023-09-22 01;23.95
2023-09-22 02;31.72
2023-09-22 03;34.48
2023-09-22 04;41.94
2023-09-22 05;46.45
2023-09-22 06;37.02
2023-09-22 07;30.66
2023-09-22 08;30.36
2023-09-22 09;31.5
2023-09-22 10;20.78
2023-09-22 11;16.26
2023-09-22 12;20.95
2023-09-22 13;21.75
2023-09-22 14;23.98
2023-09-22 15;27.41
2023-09-22 16;35.56
2023-09-22 17;42.81
2023-09-22 18;26.52
2023-09-22 19;26.76
2023-09-22 20;26.64
2023-09-22 21;25.02
2023-09-22 22;21.8
2023-09-22 23;22.29
2023-09-23 00;21.74
2023-09-23 01;35.17
2023-09-23 02;42.93
2023-09-23 03;38.89
2023-09-23 04;38.68
2023-09-23 05;40.03
2023-09-23 06;39.73
2023-09-23 07;22.41
2023-09-23 08;25.22
2023-09-23 09;27.17
2023-09-23 10;21.92
2023-09-23 11;24.3
2023-09-23 12;34.22
2023-09-23 13;41.02
2023-09-23 14;53.78
2023-09-23 15;64.26
2023-09-23 16;46.94
2023-09-23 17;36.84
2023-09-23 18;32.92
2023-09-23 19;31.31
2023-09-23 20;29.76
2023-09-23 21;25.97
2023-09-23 22;27.67
2023-09-23 23;23.43
2023-09-24 00;25.58
2023-09-24 01;34.6
2023-09-24 02;40.23
2023-09-24 03;47.9
2023-09-24 04;39.07
2023-09-24 05;46.98
2023-09-24 06;54.56
2023-09-24 07;51.34
2023-09-24 08;46.45
2023-09-24 09;41.33
2023-09-24 10;28.52
2023-09-24 11;28.55
2023-09-24 12;37.04
2023-09-24 13;38.93
2023-09-24 14;37.31
2023-09-24 15;42.16
2023-09-24 16;40.69
2023-09-24 17;36.04
2023-09-24 18;39.71
2023-09-24 19;36.03
2023-09-24 20;27.04
2023-09-24 21;17.92
2023-09-24 22;17.7
2023-09-24 23;16.37
2023-09-25 00;14.04
2023-09-25 01;16.89
2023-09-25 02;22.55
2023-09-25 03;26.41
2023-09-25 04;25.76
2023-09-25 05;29.75
2023-09-25 06;31.54
2023-09-25 07;32.01
2023-09-25 08;34.56
2023-09-25 09;30.69
2023-09-25 10;25.27
2023-09-25 11;26.21
2023-09-25 12;32.65
2023-09-25 13;37.76
2023-09-25 14;36.99
2023-09-25 15;39.37
2023-09-25 16;37.44
2023-09-25 17;43.2
2023-09-25 18;42.92
2023-09-25 19;41.45
2023-09-25 20;32.22
2023-09-25 21;30.27
2023-09-25 22;29.47
2023-09-25 23;27.57
2023-09-26 00;28.46
2023-09-26 01;27.5
2023-09-26 02;28.87
2023-09-26 03;29.7
2023-09-26 04;25.83
2023-09-26 05;24.14
2023-09-26 06;24.21
2023-09-26 07;24.33
2023-09-26 08;21.58
2023-09-26 09;21.56
2023-09-26 10;20.24
2023-09-26 11;21.11
2023-09-26 12;25.97
2023-09-26 13;24.02
2023-09-26 14;26.31
2023-09-26 15;21.9
2023-09-26 16;31.27
2023-09-26 17;46.43
2023-09-26 18;36.68
2023-09-26 19;37.38
2023-09-26 20;43.88
2023-09-26 21;46.67
2023-09-26 22;31.61
2023-09-26 23;30.13
2023-09-27 00;42.2
2023-09-27 01;38.49
2023-09-27 02;39.29
2023-09-27 03;35.06
2023-09-27 04;25.87
2023-09-27 05;19.22
2023-09-27 06;17.63
2023-09-27 07;17.33
2023-09-27 08;18.33
2023-09-27 09;19.35
2023-09-27 10;21.44
2023-09-27 11;20.59
2023-09-27 12;22.45
2023-09-27 13;31.64
2023-09-27 14;31.93
2023-09-27 15;34.61
2023-09-27 16;39.49
2023-09-27 17;36.9
2023-09-27 18;36.99
2023-09-27 19;32.76
2023-09-27 20;25.7
2023-09-27 21;25.31
2023-09-27 22;21.96
2023-09-27 23;22.61
2023-09-28 00;27.81
2023-09-28 01;30.89
2023-09-28 02;34.65
2023-09-28 03;44.11
2023-09-28 04;37.13
2023-09-28 05;34.01
2023-09-28 06;30.6
2023-09-28 07;28.4
2023-09-28 08;25.51
2023-09-28 09;19.53
2023-09-28 10;18.8
2023-09-28 11;21.01
2023-09-28 12;22.78
2023-09-28 13;30.73
2023-09-28 14;34.15
2023-09-28 15;36.49
2023-09-28 16;33.75
2023-09-28 17;31.31
2023-09-28 18;39.51
2023-09-28 19;
2023-09-28 20;
2023-09-28 21;
2023-09-28 22;
2023-09-28 23;
2023-09-29 00;
2023-09-29 01;41.09
2023-09-29 02;31.57
2023-09-29 03;25.18
2023-09-29 04;19.97
2023-09-29 05;17.03
2023-09-29 06;15.02
2023-09-29 07;17.03
2023-09-29 08;12.02
2023-09-29 09;9.87
2023-09-29 10;10.88
2023-09-29 11;13.21
2023-09-29 12;16.81
2023-09-29 13;22.36
2023-09-29 14;27.36
2023-09-29 15;28.18
2023-09-29 16;34
2023-09-29 17;39.25
2023-09-29 18;45.64
2023-09-29 19;29.9
2023-09-29 20;25.46
2023-09-29 21;19.4
2023-09-29 22;18.8
2023-09-29 23;18.86
2023-09-30 00;22.49
2023-09-30 01;28.51
2023-09-30 02;28.01
2023-09-30 03;27.51
2023-09-30 04;
2023-09-30 05;
2023-09-30 06;
2023-09-30 07;
2023-09-30 08;
2023-09-30 09;
2023-09-30 10;
2023-09-30 11;
2023-09-30 12;
2023-09-30 13;
2023-09-30 14;
2023-09-30 15;
2023-09-30 16;
2023-09-30 17;45.58
2023-09-30 18;35.8
2023-09-30 19;27.17
2023-09-30 20;22.51
2023-09-30 21;17.35
2023-09-30 22;22.58
2023-09-30 23;21.67
2023-10-01 00;24.64
2023-10-01 01;36.38
2023-10-01 02;37.82
2023-10-01 03;37.2
2023-10-01 04;31.86
2023-10-01 05;24.8
2023-10-01 06;27.43
2023-10-01 07;33.45
2023-10-01 08;35.3
2023-10-01 09;36.28
2023-10-01 10;31.49
2023-10-01 11;28.38
2023-10-01 12;26.35
2023-10-01 13;27.95
2023-10-01 14;40.67
2023-10-01 15;43.39
2023-10-01 16;48.71
2023-10-01 17;44.55
2023-10-01 18;31.37
2023-10-01 19;21.54
2023-10-01 20;18.03
2023-10-01 21;15.33
2023-10-01 22;14.18
2023-10-01 23;14.79
2023-10-02 00;24.51
2023-10-02 01;32.32
2023-10-02 02;33.73
2023-10-02 03;39.64
2023-10-02 04;36.9
2023-10-02 05;34.56
2023-10-02 06;32.06
2023-10-02 07;29.91
2023-10-02 08;28.11
2023-10-02 09;26.13
2023-10-02 10;20.49
2023-10-02 11;29.18
2023-10-02 12;34.28
2023-10-02 13;39.38
2023-10-02 14;38.42
2023-10-02 15;44.47
2023-10-02 16;48.38
2023-10-02 17;42.92
2023-10-02 18;35.15
2023-10-02 19;29.61
2023-10-02 20;23.91
2023-10-02 21;19.72
2023-10-02 22;19.82
2023-10-02 23;23.48
2023-10-03 00;21.12
2023-10-03 01;28.66
2023-10-03 02;33.36
2023-10-03 03;36.51
2023-10-03 04;29.56
2023-10-03 05;28.33
2023-10-03 06;27.51
2023-10-03 07;24.15
2023-10-03 08;16.73
2023-10-03 09;12.95
2023-10-03 10;11.09
2023-10-03 11;15.82
2023-10-03 12;23.07
2023-10-03 13;31.67
2023-10-03 14;45.89
2023-10-03 15;48.58
2023-10-03 16;40.72
2023-10-03 17;43.4
2023-10-03 18;42.38
2023-10-03 19;37.18
2023-10-03 20;28.27
2023-10-03 21;24.94
2023-10-03 22;23.06
2023-10-03 23;36.72
2023-10-04 00;32.74
2023-10-04 01;40.42
2023-10-04 02;45.47
2023-10-04 03;39.63
2023-10-04 04;36.53
2023-10-04 05;36.72
2023-10-04 06;30.93
2023-10-04 07;38.42
2023-10-04 08;37.22
2023-10-04 09;37.64
2023-10-04 10;41.52
2023-10-04 11;46.37
2023-10-04 12;44.91
2023-10-04 13;45.5
2023-10-04 14;46.12
2023-10-04 15;46.09
2023-10-04 16;41.79
2023-10-04 17;40.51
2023-10-04 18;42.88
2023-10-04 19;42.02
2023-10-04 20;34.92
2023-10-04 21;28.24
2023-10-04 22;35.85
2023-10-04 23;30.34
2023-10-05 00;21.53
2023-10-05 01;28.23
2023-10-05 02;34.79
2023-10-05 03;50.47
2023-10-05 04;51.28
2023-10-05 05;51.83
2023-10-05 06;54.07
2023-10-05 07;39.04
2023-10-05 08;32
2023-10-05 09;20.94
2023-10-05 10;16.11
2023-10-05 11;13.84
2023-10-05 12;15.69
2023-10-05 13;15.8
2023-10-05 14;27.13
2023-10-05 15;48.43
2023-10-05 16;43.79
2023-10-05 17;40.14
2023-10-05 18;37.65
2023-10-05 19;27.76
2023-10-05 20;23.43
2023-10-05 21;22.13
2023-10-05 22;18.62
2023-10-05 23;19.43
2023-10-06 00;22.38
2023-10-06 01;27.89
2023-10-06 02;35.19
2023-10-06 03;50.32
2023-10-06 04;56.3
2023-10-06 05;50.82
2023-10-06 06;46.41
2023-10-06 07;39.19
2023-10-06 08;32.33
2023-10-06 09;18.78
2023-10-06 10;17.3
2023-10-06 11;18.68
2023-10-06 12;28.09
2023-10-06 13;35.6
2023-10-06 14;33.84
2023-10-06 15;33.62
2023-10-06 16;39.91
2023-10-06 17;37.45
2023-10-06 18;32.51
2023-10-06 19;26.61
2023-10-06 20;23.71
2023-10-06 21;23.38
2023-10-06 22;21.74
2023-10-06 23;27.11
2023-10-07 00;36.4
2023-10-07 01;33.76
2023-10-07 02;31.7
2023-10-07 03;31.58
2023-10-07 04;29.11
2023-10-07 05;29.94
2023-10-07 06;27.6
2023-10-07 07;21.7
2023-10-07 08;22.12
2023-10-07 09;14.59
2023-10-07 10;10.89
2023-10-07 11;12.07
2023-10-07 12;16.64
2023-10-07 13;22.18
2023-10-07 14;25.99
2023-10-07 15;30.9
2023-10-07 16;34.13
2023-10-07 17;35.97
2023-10-07 18;30.69
2023-10-07 19;27.62
2023-10-07 20;24.9
2023-10-07 21;25.84
2023-10-07 22;34.73
2023-10-07 23;37.91
2023-10-08 00;31.64
2023-10-08 01;29.46
2023-10-08 02;32.33
2023-10-08 03;40.14
2023-10-08 04;37.92
2023-10-08 05;32.89
2023-10-08 06;40.08
2023-10-08 07;38.19
2023-10-08 08;28.55
2023-10-08 09;18.87
2023-10-08 10;18.11
2023-10-08 11;25.9
2023-10-08 12;31.15
2023-10-08 13;27.69
2023-10-08 14;28.11
2023-10-08 15;32.38
2023-10-08 16;36.99
2023-10-08 17;30.5
2023-10-08 18;31.84
2023-10-08 19;29.27
2023-10-08 20;21.46
2023-10-08 21;24.55
2023-10-08 22;20.69
2023-10-08 23;18.83
2023-10-09 00;21.77
2023-10-09 01;29.2
2023-10-09 02;31.3
2023-10-09 03;26.18
2023-10-09 04;24.72
2023-10-09 05;25.75
2023-10-09 06;25.74
2023-10-09 07;27.17
2023-10-09 08;31.08
2023-10-09 09;32.61
2023-10-09 10;32.49
2023-10-09 11;35.94
2023-10-09 12;42.49
2023-10-09 13;75.66
2023-10-09 14;56.42
2023-10-09 15;39.13
2023-10-09 16;35.27
2023-10-09 17;34.54
2023-10-09 18;32.08
2023-10-09 19;29.41
2023-10-09 20;24.57
2023-10-09 21;29.03
2023-10-09 22;38.89
2023-10-09 23;35.06
2023-10-10 00;35.25
2023-10-10 01;35.84
2023-10-10 02;31.58
2023-10-10 03;30.67
2023-10-10 04;27.96
2023-10-10 05;25.18
2023-10-10 06;17.82
2023-10-10 07;15.92
2023-10-10 08;12.7
2023-10-10 09;6.703
2023-10-10 10;8.87
2023-10-10 11;12.09
2023-10-10 12;19.66
2023-10-10 13;25.99
2023-10-10 14;27.61
2023-10-10 15;42.57
2023-10-10 16;49.89
2023-10-10 17;30.89
2023-10-10 18;27.17
2023-10-10 19;23.42
2023-10-10 20;24.11
2023-10-10 21;24.05
2023-10-10 22;22.35
2023-10-10 23;28.41
2023-10-11 00;31.01
2023-10-11 01;32.78
2023-10-11 02;39.81
2023-10-11 03;27.32
2023-10-11 04;30.08
2023-10-11 05;38.09
2023-10-11 06;37.79
2023-10-11 07;31.64
2023-10-11 08;38.24
2023-10-11 09;35.68
2023-10-11 10;29.6
2023-10-11 11;29.9
2023-10-11 12;35.37
2023-10-11 13;67.96
2023-10-11 14;67.47
2023-10-11 15;38.86
2023-10-11 16;34.12
2023-10-11 17;29.16
2023-10-11 18;28.7
2023-10-11 19;23.36
2023-10-11 20;23.645
2023-10-11 21;23.93
2023-10-11 22;20.42
2023-10-11 23;17.84
2023-10-12 00;19.52
2023-10-12 01;29.61
2023-10-12 02;35.35
2023-10-12 03;30.99
2023-10-12 04;34.55
2023-10-12 05;36.86
2023-10-12 06;45.95
2023-10-12 07;52.57
2023-10-12 08;46.13
2023-10-12 09;46.78
2023-10-12 10;45.11
2023-10-12 11;33.51
2023-10-12 12;38.05
2023-10-12 13;51.63
2023-10-12 14;59.37
2023-10-12 15;71.21
2023-10-12 16;66.78
2023-10-12 17;54.17
2023-10-12 18;42.05
2023-10-12 19;37.8
2023-10-12 20;37.57
2023-10-12 21;33.53
2023-10-12 22;29.91
2023-10-12 23;28.68
2023-10-13 00;26.89
2023-10-13 01;26.87
2023-10-13 02;26.52
2023-10-13 03;35.81
2023-10-13 04;44.71
2023-10-13 05;35.31
2023-10-13 06;33.97
2023-10-13 07;48.02
2023-10-13 08;51.2
2023-10-13 09;49.72
2023-10-13 10;60.52
2023-10-13 11;109.3
2023-10-13 12;49.75
2023-10-13 13;52.41
2023-10-13 14;49.34
2023-10-13 15;54.84
2023-10-13 16;50.75
2023-10-13 17;46.26
2023-10-13 18;36.47
2023-10-13 19;31.28
2023-10-13 20;34.84
2023-10-13 21;26.84
2023-10-13 22;23.96
2023-10-13 23;26.08
2023-10-14 00;26.2
2023-10-14 01;25.46
2023-10-14 02;29.79
2023-10-14 03;42.73
2023-10-14 04;65.45
2023-10-14 05;45.25
2023-10-14 06;31.6
2023-10-14 07;40.21
2023-10-14 08;39.72
2023-10-14 09;36.86
2023-10-14 10;37.15
2023-10-14 11;42.51
2023-10-14 12;50.46
2023-10-14 13;55.11
2023-10-14 14;54.69
2023-10-14 15;60.17
2023-10-14 16;46.6
2023-10-14 17;36.59
2023-10-14 18;34.56
2023-10-14 19;25.01
2023-10-14 20;24.88
2023-10-14 21;22
2023-10-14 22;23.15
2023-10-14 23;30.19
2023-10-15 00;39.41
2023-10-15 01;37.45
2023-10-15 02;39
2023-10-15 03;37.22
2023-10-15 04;33.79
2023-10-15 05;29.25
2023-10-15 06;27.23
2023-10-15 07;25.02
2023-10-15 08;28.36
2023-10-15 09;33.95
2023-10-15 10;43.22
2023-10-15 11;47.68
2023-10-15 12;53.92
2023-10-15 13;63.23
2023-10-15 14;51.03
2023-10-15 15;43.46
2023-10-15 16;37.25
2023-10-15 17;41.44
2023-10-15 18;39.42
2023-10-15 19;30.9
2023-10-15 20;26.4
2023-10-15 21;24.45
2023-10-15 22;22.47
2023-10-15 23;24.67
2023-10-16 00;35.2
2023-10-16 01;36.96
2023-10-16 02;39.1
2023-10-16 03;42.71
2023-10-16 04;42.24
2023-10-16 05;43.71
2023-10-16 06;39.2
2023-10-16 07;39.78
2023-10-16 08;37.63
2023-10-16 09;39.3
2023-10-16 10;36.98
2023-10-16 11;44.59
2023-10-16 12;43.96
2023-10-16 13;37.75
2023-10-16 14;44.55
2023-10-16 15;49.94
2023-10-16 16;42.55
2023-10-16 17;35.82
2023-10-16 18;28.89
2023-10-16 19;28.26
2023-10-16 20;25.71
2023-10-16 21;20.19
2023-10-16 22;19.78
2023-10-16 23;20.3
2023-10-17 00;22.36
2023-10-17 01;29.15
2023-10-17 02;38.96
2023-10-17 03;35.9
2023-10-17 04;31.12
2023-10-17 05;36.68
2023-10-17 06;39.74
2023-10-17 07;33.22
2023-10-17 08;31.8
2023-10-17 09;28.96
2023-10-17 10;29.55
2023-10-17 11;28.85
2023-10-17 12;28.77
2023-10-17 13;33.42
2023-10-17 14;34.99
2023-10-17 15;32.32
2023-10-17 16;34.87
2023-10-17 17;33.95
2023-10-17 18;33.31
2023-10-17 19;32.48
2023-10-17 20;30.17
2023-10-17 21;29.26
2023-10-17 22;27.59
2023-10-17 23;26.55
2023-10-18 00;26.62
2023-10-18 01;33.97
2023-10-18 02;39.13
2023-10-18 03;36.24
2023-10-18 04;33.49
2023-10-18 05;31.42
2023-10-18 06;29.8
2023-10-18 07;26.76
2023-10-18 08;25.04
2023-10-18 09;31.21
2023-10-18 10;29.43
2023-10-18 11;27.52
2023-10-18 12;28
2023-10-18 13;29.58
2023-10-18 14;30.65
2023-10-18 15;31.62
2023-10-18 16;33.49
2023-10-18 17;23.37
2023-10-18 18;22.08
2023-10-18 19;21.02
2023-10-18 20;15.86
2023-10-18 21;13.28
2023-10-18 22;11.99
2023-10-18 23;10.7
2023-10-19 00;14.63
2023-10-19 01;16.58
2023-10-19 02;19.19
2023-10-19 03;17.94
2023-10-19 04;17.37
2023-10-19 05;17.16
2023-10-19 06;14.73
2023-10-19 07;14
2023-10-19 08;13.61
2023-10-19 09;14.47
2023-10-19 10;15.24
2023-10-19 11;13
2023-10-19 12;11.08
2023-10-19 13;9.16
2023-10-19 14;12.01
2023-10-19 15;10.7
2023-10-19 16;10.62
2023-10-19 17;9.17
2023-10-19 18;8.23
2023-10-19 19;8.99
2023-10-19 20;8.26
2023-10-19 21;6.86
2023-10-19 22;6.983
2023-10-19 23;11.78
2023-10-20 00;15.57
2023-10-20 01;20.3
2023-10-20 02;18.81
2023-10-20 03;17.75
2023-10-20 04;17.21
2023-10-20 05;16.77
2023-10-20 06;13.44
2023-10-20 07;10.63
2023-10-20 08;7.755
2023-10-20 09;7.478
2023-10-20 10;6.963
2023-10-20 11;7.185
2023-10-20 12;7.623
2023-10-20 13;7.663
2023-10-20 14;6.697
2023-10-20 15;6.113
2023-10-20 16;8.47
2023-10-20 17;11.28
2023-10-20 18;10.16
2023-10-20 19;8.78
2023-10-20 20;9.2
2023-10-20 21;11.48
2023-10-20 22;16.45
2023-10-20 23;16.24
2023-10-21 00;15.1
2023-10-21 01;15.53
2023-10-21 02;16.8
2023-10-21 03;14.65
2023-10-21 04;13.96
2023-10-21 05;11.32
2023-10-21 06;10.01
2023-10-21 07;9.37
2023-10-21 08;6.207
2023-10-21 09;5.49
2023-10-21 10;5.668
2023-10-21 11;6.623
2023-10-21 12;8.19
2023-10-21 13;9.98
2023-10-21 14;12.82
2023-10-21 15;16.38
2023-10-21 16;14.63
2023-10-21 17;9.71
2023-10-21 18;9.25
2023-10-21 19;9.12
2023-10-21 20;9.03
2023-10-21 21;8.08
2023-10-21 22;7.96
2023-10-21 23;10.51
2023-10-22 00;14.68
2023-10-22 01;16.03
2023-10-22 02;17.99
2023-10-22 03;20.22
2023-10-22 04;20.84
2023-10-22 05;21.07
2023-10-22 06;20.59
2023-10-22 07;15.97
2023-10-22 08;13.91
2023-10-22 09;11.6
2023-10-22 10;6.587
2023-10-22 11;5.118
2023-10-22 12;5.085
2023-10-22 13;5.28
2023-10-22 14;6.492
2023-10-22 15;9.5
2023-10-22 16;10.73
2023-10-22 17;9.72
2023-10-22 18;9.87
2023-10-22 19;9.29
2023-10-22 20;7.793
2023-10-22 21;7.512
2023-10-22 22;8.37
2023-10-22 23;7.26
2023-10-23 00;6.6
2023-10-23 01;7.018
2023-10-23 02;8.86
2023-10-23 03;10.89
2023-10-23 04;10.34
2023-10-23 05;11.01
2023-10-23 06;13.85
2023-10-23 07;15.09
2023-10-23 08;15.43
2023-10-23 09;14.38
2023-10-23 10;13.31
2023-10-23 11;14.09
2023-10-23 12;14.51
2023-10-23 13;13.85
2023-10-23 14;16.15
2023-10-23 15;17.31
2023-10-23 16;23.905
2023-10-23 17;27.2025
2023-10-23 18;30.5
2023-10-23 19;29.13
2023-10-23 20;28.25
2023-10-23 21;27.27
2023-10-23 22;24.42
2023-10-23 23;32.19
2023-10-24 00;43.4
2023-10-24 01;51
2023-10-24 02;46.35
2023-10-24 03;42.81
2023-10-24 04;40.24
2023-10-24 05;36.14
2023-10-24 06;39.78
2023-10-24 07;41.06
2023-10-24 08;33.09
2023-10-24 09;26.39
2023-10-24 10;20.01
2023-10-24 11;18.12
2023-10-24 12;19.53
2023-10-24 13;14.94
2023-10-24 14;18.34
2023-10-24 15;23.2
2023-10-24 16;32.66
2023-10-24 17;42.23
2023-10-24 18;44.12
2023-10-24 19;34.88
2023-10-24 20;31.05
2023-10-24 21;23.61
2023-10-24 22;22.68
2023-10-24 23;23.19
2023-10-25 00;25.31
2023-10-25 01;25.28
2023-10-25 02;21.5
2023-10-25 03;24.38
2023-10-25 04;24.45
2023-10-25 05;23.24
2023-10-25 06;22.32
2023-10-25 07;20.2
2023-10-25 08;21.14
2023-10-25 09;17.7
2023-10-25 10;23.06
2023-10-25 11;23.49
2023-10-25 12;25.11
2023-10-25 13;28.79
2023-10-25 14;25.87
2023-10-25 15;40.33
2023-10-25 16;29.73
2023-10-25 17;31.16
2023-10-25 18;32.73
2023-10-25 19;23.47
2023-10-25 20;17.86
2023-10-25 21;14.68
2023-10-25 22;15.57
2023-10-25 23;20.68
2023-10-26 00;24.66
2023-10-26 01;25.41
2023-10-26 02;27.03
2023-10-26 03;22.94
2023-10-26 04;19.74
2023-10-26 05;20.26
2023-10-26 06;18.73
2023-10-26 07;14.71
2023-10-26 08;13.39
2023-10-26 09;15.75
2023-10-26 10;17.61
2023-10-26 11;19.69
2023-10-26 12;18.41
2023-10-26 13;17.41
2023-10-26 14;23.12
2023-10-26 15;30.88
2023-10-26 16;53.13
2023-10-26 17;47.05
2023-10-26 18;44.02
2023-10-26 19;28.9
2023-10-26 20;19.29
2023-10-26 21;16.85
2023-10-26 22;17.31
2023-10-26 23;19.24
2023-10-27 00;27.65
2023-10-27 01;37.66
2023-10-27 02;38.81
2023-10-27 03;30.13
2023-10-27 04;30.23
2023-10-27 05;34.77
2023-10-27 06;37.25
2023-10-27 07;28.14
2023-10-27 08;27.06
2023-10-27 09;25.13
2023-10-27 10;25.39
2023-10-27 11;19.75
2023-10-27 12;17.81
2023-10-27 13;18.26
2023-10-27 14;21.75
2023-10-27 15;30.01
2023-10-27 16;39.91
2023-10-27 17;50.99
2023-10-27 18;46.27
2023-10-27 19;30.74
2023-10-27 20;37.66
2023-10-27 21;35.49
2023-10-27 22;30.73
2023-10-27 23;37.12
2023-10-28 00;37.97
2023-10-28 01;33.06
2023-10-28 02;39.6
2023-10-28 03;38.19
2023-10-28 04;31.51
2023-10-28 05;22.73
2023-10-28 06;17.36
2023-10-28 07;10.09
2023-10-28 08;14.76
2023-10-28 09;26.37
2023-10-28 10;22.26
2023-10-28 11;14.86
2023-10-28 12;18.46
2023-10-28 13;23.44
2023-10-28 14;32.65
2023-10-28 15;34.42
2023-10-28 16;40.98
2023-10-28 17;43.75
2023-10-28 18;41.5
2023-10-28 19;31.35
2023-10-28 20;24.6
2023-10-28 21;15.86
2023-10-28 22;15.68
2023-10-28 23;15.5
2023-10-29 00;19.695
2023-10-29 01;23.89
2023-10-29 02;27.79
2023-10-29 03;30.66
2023-10-29 04;26.83
2023-10-29 05;26.8
2023-10-29 06;26.25
2023-10-29 07;24.22
2023-10-29 08;34.49
2023-10-29 09;52.44
2023-10-29 10;107
2023-10-29 11;168.9
2023-10-29 12;74.6
2023-10-29 13;54.55
2023-10-29 14;28.28
2023-10-29 15;25.01
2023-10-29 16;30.37
2023-10-29 17;25.47
2023-10-29 18;21.62
2023-10-29 19;20.48
2023-10-29 20;19.46
2023-10-29 21;20.76
2023-10-29 22;21.11
2023-10-29 23;22.83
2023-10-30 00;24.07
2023-10-30 01;22.41
2023-10-30 02;26.13
2023-10-30 03;28.52
2023-10-30 04;31.94
2023-10-30 05;32.42
2023-10-30 06;23.45
2023-10-30 07;26.89
2023-10-30 08;30.5
2023-10-30 09;43.65
2023-10-30 10;36.16
2023-10-30 11;40.11
2023-10-30 12;41.17
2023-10-30 13;33.34
2023-10-30 14;44.78
2023-10-30 15;42.77
2023-10-30 16;43.09
2023-10-30 17;36.23
2023-10-30 18;28.31
2023-10-30 19;23.61
2023-10-30 20;25.64
2023-10-30 21;35.16
2023-10-30 22;38.62
2023-10-30 23;36.54
2023-10-31 00;24.46
2023-10-31 01;26.12
2023-10-31 02;27.87
2023-10-31 03;30.6
2023-10-31 04;28.51
2023-10-31 05;35.75
2023-10-31 06;39.13
2023-10-31 07;35.17
2023-10-31 08;35.02
2023-10-31 09;35.65
2023-10-31 10;44.85
2023-10-31 11;44.41
2023-10-31 12;39.7
2023-10-31 13;38.31
2023-10-31 14;42.8
2023-10-31 15;45.28
2023-10-31 16;46.78
2023-10-31 17;46.67
2023-10-31 18;37.38
2023-10-31 19;29.2
2023-10-31 20;28.49
2023-10-31 21;32.35
2023-10-31 22;36.73
2023-10-31 23;31.39
2023-11-01 00;33.6
2023-11-01 01;50.88
2023-11-01 02;62.59
2023-11-01 03;65.55
2023-11-01 04;63.71
2023-11-01 05;63.07
2023-11-01 06;64.42
2023-11-01 07;55.22
2023-11-01 08;44.53
2023-11-01 09;34.74
2023-11-01 10;36.65
2023-11-01 11;38.15
2023-11-01 12;34.41
2023-11-01 13;36.26
2023-11-01 14;39.5
2023-11-01 15;41.13
2023-11-01 16;36.33
2023-11-01 17;41.07
2023-11-01 18;39.42
2023-11-01 19;39.53
2023-11-01 20;31.13
2023-11-01 21;29.875
2023-11-01 22;28.62
2023-11-01 23;31.11
2023-11-02 00;34.03
2023-11-02 01;32.05
2023-11-02 02;36.23
2023-11-02 03;52.31
2023-11-02 04;32.75
2023-11-02 05;29.11
2023-11-02 06;24.84
2023-11-02 07;24.69
2023-11-02 08;21.83
2023-11-02 09;17.99
2023-11-02 10;20.48
2023-11-02 11;20.85
2023-11-02 12;19.85
2023-11-02 13;20.44
2023-11-02 14;30.87
2023-11-02 15;31
2023-11-02 16;26.24
2023-11-02 17;38.85
2023-11-02 18;46.87
2023-11-02 19;42.27
2023-11-02 20;37.33
2023-11-02 21;32.53
2023-11-02 22;26.63
2023-11-02 23;33.42
2023-11-03 00;38.09
2023-11-03 01;41.72
2023-11-03 02;36.87
2023-11-03 03;40.51
2023-11-03 04;39.84
2023-11-03 05;33.09
2023-11-03 06;24.69
2023-11-03 07;25.53
2023-11-03 08;23.28
2023-11-03 09;23.36
2023-11-03 10;19.91
2023-11-03 11;18.3
2023-11-03 12;20.93
2023-11-03 13;28.86
2023-11-03 14;29.69
2023-11-03 15;45.31
2023-11-03 16;44.35
2023-11-03 17;36.28
2023-11-03 18;33.04
2023-11-03 19;30.26
2023-11-03 20;30.58
2023-11-03 21;29.59
2023-11-03 22;26.45
2023-11-03 23;26.31
2023-11-04 00;21.59
2023-11-04 01;25.61
2023-11-04 02;27.81
2023-11-04 03;30.48
2023-11-04 04;44.61
2023-11-04 05;48.67
2023-11-04 06;46.84
2023-11-04 07;43.55
2023-11-04 08;33.81
2023-11-04 09;33.24
2023-11-04 10;32.18
2023-11-04 11;36.58
2023-11-04 12;46.3
2023-11-04 13;49.27
2023-11-04 14;39.16
2023-11-04 15;36.16
2023-11-04 16;32.31
2023-11-04 17;29.82
2023-11-04 18;28.12
2023-11-04 19;26.46
2023-11-04 20;23.58
2023-11-04 21;19.71
2023-11-04 22;25.27
2023-11-04 23;31.6
2023-11-05 00;37.52
2023-11-05 01;41.22
2023-11-05 02;42.98
2023-11-05 03;40.7
2023-11-05 04;34.12
2023-11-05 05;33.81
2023-11-05 06;34.98
2023-11-05 07;36.97
2023-11-05 08;30.01
2023-11-05 09;31.94
2023-11-05 10;35.04
2023-11-05 11;40.62
2023-11-05 12;42.48
2023-11-05 13;55.93
2023-11-05 14;67.7
2023-11-05 15;64.55
2023-11-05 16;33.2
2023-11-05 17;30.47
2023-11-05 18;27.88
2023-11-05 19;26.71
2023-11-05 20;21.87
2023-11-05 21;21.94
2023-11-05 22;22.89
2023-11-05 23;25.83
2023-11-06 00;23.22
2023-11-06 01;27.55
2023-11-06 02;32.8
2023-11-06 03;28.57
2023-11-06 04;31.61
2023-11-06 05;34.6
2023-11-06 06;37.15
2023-11-06 07;32.82
2023-11-06 08;31.61
2023-11-06 09;31.45
2023-11-06 10;28.06
2023-11-06 11;25.33
2023-11-06 12;26.34
2023-11-06 13;27.91
2023-11-06 14;28.21
2023-11-06 15;34.37
2023-11-06 16;36.06
2023-11-06 17;30.15
2023-11-06 18;27.82
2023-11-06 19;24.52
2023-11-06 20;23.79
2023-11-06 21;23.06
2023-11-06 22;21.59
2023-11-06 23;23.5
2023-11-07 00;29.68
2023-11-07 01;31.56
2023-11-07 02;30.37
2023-11-07 03;30.62
2023-11-07 04;29.15
2023-11-07 05;29.12
2023-11-07 06;27.95
2023-11-07 07;24.89
2023-11-07 08;18.28
2023-11-07 09;15.88
2023-11-07 10;17.73
2023-11-07 11;17.54
2023-11-07 12;24.85
2023-11-07 13;33.65
2023-11-07 14;38.9
2023-11-07 15;47.64
2023-11-07 16;47.73
2023-11-07 17;35.76
2023-11-07 18;29.84
2023-11-07 19;29.06
2023-11-07 20;29.6
2023-11-07 21;28.17
2023-11-07 22;32.37
2023-11-07 23;42.64
2023-11-08 00;41.03
2023-11-08 01;46.1
2023-11-08 02;45.64
2023-11-08 03;51.5
2023-11-08 04;47.26
2023-11-08 05;39.52
2023-11-08 06;34.79
2023-11-08 07;35.66
2023-11-08 08;36.06
2023-11-08 09;32.75
2023-11-08 10;33.53
2023-11-08 11;39.83
2023-11-08 12;46.66
2023-11-08 13;49.18
2023-11-08 14;47.45
2023-11-08 15;43.93
2023-11-08 16;47.8
2023-11-08 17;44.45
2023-11-08 18;40.9
2023-11-08 19;32.05
2023-11-08 20;29.07
2023-11-08 21;28.32
2023-11-08 22;24.5
2023-11-08 23;29.04
2023-11-09 00;30.62
2023-11-09 01;32.41
2023-11-09 02;32.92
2023-11-09 03;36.13
2023-11-09 04;47.08
2023-11-09 05;41.95
2023-11-09 06;34.47
2023-11-09 07;29.26
2023-11-09 08;16.88
2023-11-09 09;13.66
2023-11-09 10;11.77
2023-11-09 11;15.47
2023-11-09 12;21.56
2023-11-09 13;27.99
2023-11-09 14;42.63
2023-11-09 15;51.52
2023-11-09 16;44.48
2023-11-09 17;34.83
2023-11-09 18;29.34
2023-11-09 19;27.32
2023-11-09 20;28.09
2023-11-09 21;32.68
2023-11-09 22;37.44
2023-11-09 23;32.92
2023-11-10 00;29.63
2023-11-10 01;31.67
2023-11-10 02;33.95
2023-11-10 03;39.43
2023-11-10 04;32.36
2023-11-10 05;32.99
2023-11-10 06;34.25
2023-11-10 07;32.54
2023-11-10 08;30.2
2023-11-10 09;25.23
2023-11-10 10;24.14
2023-11-10 11;23.77
2023-11-10 12;16.52
2023-11-10 13;17.89
2023-11-10 14;22.49
2023-11-10 15;23.33
2023-11-10 16;28.45
2023-11-10 17;30.08
2023-11-10 18;34.03
2023-11-10 19;32.66
2023-11-10 20;31.63
2023-11-10 21;29.4
2023-11-10 22;21.97
2023-11-10 23;17.29
2023-11-11 00;22.05
2023-11-11 01;30.36
2023-11-11 02;29.73
2023-11-11 03;26.71
2023-11-11 04;30.2
2023-11-11 05;29.65
2023-11-11 06;40.65
2023-11-11 07;32.5
2023-11-11 08;38.95
2023-11-11 09;31.51
2023-11-11 10;25.89
2023-11-11 11;20.83
2023-11-11 12;25.61
2023-11-11 13;30.06
2023-11-11 14;38.08
2023-11-11 15;48.23
2023-11-11 16;41.09
2023-11-11 17;36.35
2023-11-11 18;26.59
2023-11-11 19;24.06
2023-11-11 20;21.48
2023-11-11 21;20.4
2023-11-11 22;25.46
2023-11-11 23;24.27
2023-11-12 00;25.58
2023-11-12 01;36.95
2023-11-12 02;41.38
2023-11-12 03;35.79
2023-11-12 04;34.47
2023-11-12 05;29.13
2023-11-12 06;31.76
2023-11-12 07;27.67
2023-11-12 08;23.02
2023-11-12 09;33.26
2023-11-12 10;58.26
2023-11-12 11;58.51
2023-11-12 12;62.82
2023-11-12 13;55.1
2023-11-12 14;43.34
2023-11-12 15;37.38
2023-11-12 16;36.55
2023-11-12 17;36.26
2023-11-12 18;35.99
2023-11-12 19;35.71
2023-11-12 20;25.79
2023-11-12 21;21.05
2023-11-12 22;17.13
2023-11-12 23;20.86
2023-11-13 00;37.29
2023-11-13 01;42.44
2023-11-13 02;42.78
2023-11-13 03;38.08
2023-11-13 04;32.06
2023-11-13 05;32.19
2023-11-13 06;38.65
2023-11-13 07;42.43
2023-11-13 08;30.66
2023-11-13 09;31.3
2023-11-13 10;28.24
2023-11-13 11;35.21
2023-11-13 12;36.63
2023-11-13 13;38.25
2023-11-13 14;34.86
2023-11-13 15;37.43
2023-11-13 16;38.76
2023-11-13 17;35.27
2023-11-13 18;41.53
2023-11-13 19;35.2
2023-11-13 20;32.4
2023-11-13 21;31.02
2023-11-13 22;27.88
2023-11-13 23;31.63
2023-11-14 00;25.04
2023-11-14 01;38.32
2023-11-14 02;57.92
2023-11-14 03;54.68
2023-11-14 04;50.67
2023-11-14 05;50.94
2023-11-14 06;54.7
2023-11-14 07;58.13
2023-11-14 08;57.87
2023-11-14 09;53.17
2023-11-14 10;53.65
2023-11-14 11;49.44
2023-11-14 12;48.65
2023-11-14 13;39.9
2023-11-14 14;54.15
2023-11-14 15;54.64
2023-11-14 16;57.69
2023-11-14 17;55.4
2023-11-14 18;56.38
2023-11-14 19;54.15
2023-11-14 20;45.8
2023-11-14 21;42.15
2023-11-14 22;40.28
2023-11-14 23;33.91
2023-11-15 00;29.5
2023-11-15 01;32.27
2023-11-15 02;36.24
2023-11-15 03;40.67
2023-11-15 04;48.13
2023-11-15 05;42.12
2023-11-15 06;46.98
2023-11-15 07;44.54
2023-11-15 08;
2023-11-15 09;
2023-11-15 10;
2023-11-15 11;
2023-11-15 12;
2023-11-15 13;
2023-11-15 14;67.13
2023-11-15 15;56.39
2023-11-15 16;46.02
2023-11-15 17;47.55
2023-11-15 18;44.77
2023-11-15 19;36.3
2023-11-15 20;34.23
2023-11-15 21;29.2
2023-11-15 22;29.88
2023-11-15 23;33.91
2023-11-16 00;34.1
2023-11-16 01;34.22
2023-11-16 02;36.26
2023-11-16 03;37.54
2023-11-16 04;48.63
2023-11-16 05;46.53
2023-11-16 06;49.23
2023-11-16 07;53.75
2023-11-16 08;56.48
2023-11-16 09;47.74
2023-11-16 10;33.16
2023-11-16 11;34.07
2023-11-16 12;50.78
2023-11-16 13;62.5
2023-11-16 14;70.39
2023-11-16 15;67.14
2023-11-16 16;69.11
2023-11-16 17;51.165
2023-11-16 18;33.22
2023-11-16 19;32.83
2023-11-16 20;38.58
2023-11-16 21;37.24
2023-11-16 22;33.18
2023-11-16 23;30.43
2023-11-17 00;31.99
2023-11-17 01;42.42
2023-11-17 02;47.56
2023-11-17 03;45.99
2023-11-17 04;45.46
2023-11-17 05;39.42
2023-11-17 06;41.36
2023-11-17 07;45.61
2023-11-17 08;46.75
2023-11-17 09;42.8
2023-11-17 10;39.15
2023-11-17 11;39.24
2023-11-17 12;47.4
2023-11-17 13;56.11
2023-11-17 14;57.99
2023-11-17 15;57.94
2023-11-17 16;54.42
2023-11-17 17;57.38
2023-11-17 18;49.14
2023-11-17 19;36.97
2023-11-17 20;27.3
2023-11-17 21;24.97
2023-11-17 22;28.69
2023-11-17 23;32.08
2023-11-18 00;35.73
2023-11-18 01;42.85
2023-11-18 02;44.33
2023-11-18 03;37.93
2023-11-18 04;46.28
2023-11-18 05;46.84
2023-11-18 06;46.51
2023-11-18 07;52.92
2023-11-18 08;50.74
2023-11-18 09;49.86
2023-11-18 10;33.89
2023-11-18 11;48.35
2023-11-18 12;54.8
2023-11-18 13;60.3
2023-11-18 14;54
2023-11-18 15;46.4
2023-11-18 16;46.9
2023-11-18 17;45.9
2023-11-18 18;43.73
2023-11-18 19;33.29
2023-11-18 20;26.78
2023-11-18 21;26.87
2023-11-18 22;26.47
2023-11-18 23;26.05
2023-11-19 00;34.93
2023-11-19 01;42.71
2023-11-19 02;41.54
2023-11-19 03;39.08
2023-11-19 04;37.82
2023-11-19 05;33.87
2023-11-19 06;33.2
2023-11-19 07;32.69
2023-11-19 08;33.66
2023-11-19 09;36.84
2023-11-19 10;27.5
2023-11-19 11;32.07
2023-11-19 12;38.49
2023-11-19 13;47.55
2023-11-19 14;69.67
2023-11-19 15;71.85
2023-11-19 16;56.42
2023-11-19 17;45.07
2023-11-19 18;40.17
2023-11-19 19;31.6
2023-11-19 20;28.38
2023-11-19 21;30.02
2023-11-19 22;28.76
2023-11-19 23;31.69
2023-11-20 00;27.72
2023-11-20 01;28.5
2023-11-20 02;27.78
2023-11-20 03;30.19
2023-11-20 04;29.14
2023-11-20 05;28.4
2023-11-20 06;29.31
2023-11-20 07;32.78
2023-11-20 08;33.28
2023-11-20 09;30.23
2023-11-20 10;33.47
2023-11-20 11;36.26
2023-11-20 12;36.68
2023-11-20 13;40.47
2023-11-20 14;38.31
2023-11-20 15;38.25
2023-11-20 16;41.8
2023-11-20 17;41.83
2023-11-20 18;30.8
2023-11-20 19;29.31
2023-11-20 20;25.35
2023-11-20 21;30.3
2023-11-20 22;43.1
2023-11-20 23;42.06
2023-11-21 00;52.54
2023-11-21 01;27.17
2023-11-21 02;33.75
2023-11-21 03;42.34
2023-11-21 04;42.48
2023-11-21 05;26.1
2023-11-21 06;25.2
2023-11-21 07;22.45
2023-11-21 08;20.98
2023-11-21 09;27.07
2023-11-21 10;30.2
2023-11-21 11;25.02
2023-11-21 12;35.92
2023-11-21 13;55.82
2023-11-21 14;58.02
2023-11-21 15;54.77
2023-11-21 16;46.78
2023-11-21 17;33.81
2023-11-21 18;31.21
2023-11-21 19;23.2
2023-11-21 20;22.93
2023-11-21 21;23.59
2023-11-21 22;24.55
2023-11-21 23;38.76
2023-11-22 00;55.19
2023-11-22 01;61.01
2023-11-22 02;52.47
2023-11-22 03;31.87
2023-11-22 04;25.34
2023-11-22 05;29.5
2023-11-22 06;45.87
2023-11-22 07;43.88
2023-11-22 08;32.39
2023-11-22 09;29.3
2023-11-22 10;37.94
2023-11-22 11;40.39
2023-11-22 12;37.48
2023-11-22 13;42.29
2023-11-22 14;42.99
2023-11-22 15;34.07
2023-11-22 16;47.15
2023-11-22 17;38.16
2023-11-22 18;28.94
2023-11-22 19;24.12
2023-11-22 20;25.51
2023-11-22 21;25.19
2023-11-22 22;24.18
2023-11-22 23;25.08
2023-11-23 00;31.93
2023-11-23 01;28.63
2023-11-23 02;31.54
2023-11-23 03;33.36
2023-11-23 04;33.69
2023-11-23 05;37.37
2023-11-23 06;36.52
2023-11-23 07;35.75
2023-11-23 08;42.66
2023-11-23 09;46.49
2023-11-23 10;43.53
2023-11-23 11;62.94
2023-11-23 12;59.72
2023-11-23 13;59.95
2023-11-23 14;69.44
2023-11-23 15;54.3
2023-11-23 16;43.23
2023-11-23 17;36.65
2023-11-23 18;35.09
2023-11-23 19;35.55
2023-11-23 20;33.95
2023-11-23 21;36.9
2023-11-23 22;42.62
2023-11-23 23;46.97
2023-11-24 00;31.51
2023-11-24 01;37.48
2023-11-24 02;38.76
2023-11-24 03;42.81
2023-11-24 04;43.8
2023-11-24 05;40.2
2023-11-24 06;42.57
2023-11-24 07;47.19
2023-11-24 08;43.78
2023-11-24 09;47.98
2023-11-24 10;51.66
2023-11-24 11;51.37
2023-11-24 12;56.02
2023-11-24 13;79.56
2023-11-24 14;73.78
2023-11-24 15;60.62
2023-11-24 16;58.55
2023-11-24 17;53.25
2023-11-24 18;50.53
2023-11-24 19;40.38
2023-11-24 20;34.65
2023-11-24 21;34.27
2023-11-24 22;39.73
2023-11-24 23;46.65
2023-11-25 00;40.38
2023-11-25 01;40.79
2023-11-25 02;41.55
2023-11-25 03;39.6
2023-11-25 04;34.11
2023-11-25 05;32.55
2023-11-25 06;42.04
2023-11-25 07;48.67
2023-11-25 08;47.15
2023-11-25 09;52.31
2023-11-25 10;45.83
2023-11-25 11;44.11
2023-11-25 12;42.39
2023-11-25 13;44.38
2023-11-25 14;54.11
2023-11-25 15;58.04
2023-11-25 16;65.32
2023-11-25 17;59.96
2023-11-25 18;53.28
2023-11-25 19;49.12
2023-11-25 20;43.86
2023-11-25 21;37.93
2023-11-25 22;30.98
2023-11-25 23;27.49
2023-11-26 00;25.48
2023-11-26 01;30.14
2023-11-26 02;38.05
2023-11-26 03;49.83
2023-11-26 04;51.68
2023-11-26 05;40.78
2023-11-26 06;39.63
2023-11-26 07;41.31
2023-11-26 08;45.63
2023-11-26 09;50.9
2023-11-26 10;50.35
2023-11-26 11;52.74
2023-11-26 12;58.23
2023-11-26 13;73.23
2023-11-26 14;83.8
2023-11-26 15;79.64
2023-11-26 16;63.55
2023-11-26 17;58.61
2023-11-26 18;44.18
2023-11-26 19;33.23
2023-11-26 20;30.83
2023-11-26 21;28.51
2023-11-26 22;24.43
2023-11-26 23;24.94
2023-11-27 00;25.63
2023-11-27 01;28.85
2023-11-27 02;31.88
2023-11-27 03;30.76
2023-11-27 04;36.72
2023-11-27 05;38.1
2023-11-27 06;25.08
2023-11-27 07;27.63
2023-11-27 08;29.97
2023-11-27 09;33.35
2023-11-27 10;33.24
2023-11-27 11;41.2
2023-11-27 12;51.89
2023-11-27 13;63.97
2023-11-27 14;83.7
2023-11-27 15;62.04
2023-11-27 16;56.95
2023-11-27 17;40.8
2023-11-27 18;36.72
2023-11-27 19;34.04
2023-11-27 20;33.72
2023-11-27 21;38.15
2023-11-27 22;33.32
2023-11-27 23;39.34
2023-11-28 00;31.11
2023-11-28 01;31.35
2023-11-28 02;33.1
2023-11-28 03;27.64
2023-11-28 04;26.05
2023-11-28 05;24.93
2023-11-28 06;27.62
2023-11-28 07;30.81
2023-11-28 08;25.43
2023-11-28 09;30.99
2023-11-28 10;34.14
2023-11-28 11;36.91
2023-11-28 12;33.05
2023-11-28 13;39.85
2023-11-28 14;50.91
2023-11-28 15;48.3
2023-11-28 16;47.14
2023-11-28 17;40.12
2023-11-28 18;38.86
2023-11-28 19;32.65
2023-11-28 20;30.1
2023-11-28 21;29.71
2023-11-28 22;31.44
2023-11-28 23;36.01
2023-11-29 00;40.32
2023-11-29 01;40.72
2023-11-29 02;43.53
2023-11-29 03;45.33
2023-11-29 04;39.15
2023-11-29 05;40.2
2023-11-29 06;39
2023-11-29 07;42.3
2023-11-29 08;43.21
2023-11-29 09;43.39
2023-11-29 10;35.84
2023-11-29 11;35.92
2023-11-29 12;41.69
2023-11-29 13;43.1
2023-11-29 14;50.55
2023-11-29 15;55.6
2023-11-29 16;50.93
2023-11-29 17;48.78
2023-11-29 18;39
2023-11-29 19;34.31
2023-11-29 20;32.93
2023-11-29 21;32.51
2023-11-29 22;34.31
2023-11-29 23;36.47
2023-11-30 00;35.97
2023-11-30 01;40.72
2023-11-30 02;41.46
2023-11-30 03;39.8
2023-11-30 04;41.83
2023-11-30 05;43.85
2023-11-30 06;44.32
2023-11-30 07;47.34
2023-11-30 08;40.7
2023-11-30 09;41.31
2023-11-30 10;38.82
2023-11-30 11;46.81
2023-11-30 12;51.22
2023-11-30 13;61.74
2023-11-30 14;71.89
2023-11-30 15;70.56
2023-11-30 16;70.28
2023-11-30 17;54.91
2023-11-30 18;52.37
2023-11-30 19;39.28
2023-11-30 20;32.705
2023-11-30 21;29.4175
2023-11-30 22;27.77375
2023-11-30 23;26.13
2023-12-01 00;30.35
2023-12-01 01;36.04
2023-12-01 02;41.36
2023-12-01 03;40.07
2023-12-01 04;36.87
2023-12-01 05;35.32
2023-12-01 06;36.15
2023-12-01 07;35.71
2023-12-01 08;33.55
2023-12-01 09;31.57
2023-12-01 10;30.73
2023-12-01 11;29.07
2023-12-01 12;33.69
2023-12-01 13;37.69
2023-12-01 14;43.86
2023-12-01 15;52.1
2023-12-01 16;47.29
2023-12-01 17;44.61
2023-12-01 18;36.46
2023-12-01 19;30.42
2023-12-01 20;30.36
2023-12-01 21;30.59
2023-12-01 22;36.97
2023-12-01 23;36.81
2023-12-02 00;31.72
2023-12-02 01;38.62
2023-12-02 02;38.11
2023-12-02 03;33.09
2023-12-02 04;32.27
2023-12-02 05;31.41
2023-12-02 06;35.51
2023-12-02 07;34.97
2023-12-02 08;34.25
2023-12-02 09;30.83
2023-12-02 10;29.17
2023-12-02 11;34.89
2023-12-02 12;40.37
2023-12-02 13;47.95
2023-12-02 14;61.51
2023-12-02 15;54.62
2023-12-02 16;51.91
2023-12-02 17;45.17
2023-12-02 18;37.78
2023-12-02 19;29.71
2023-12-02 20;26.32
2023-12-02 21;26.44
2023-12-02 22;26.72
2023-12-02 23;27.07
2023-12-03 00;27.93
2023-12-03 01;31.38
2023-12-03 02;40.11
2023-12-03 03;42.77
2023-12-03 04;45.63
2023-12-03 05;54.32
2023-12-03 06;59.65
2023-12-03 07;56.86
2023-12-03 08;49.07
2023-12-03 09;35.74
2023-12-03 10;41.31
2023-12-03 11;43.73
2023-12-03 12;44.28
2023-12-03 13;42.59
2023-12-03 14;44.37
2023-12-03 15;47.68
2023-12-03 16;39.51
2023-12-03 17;34.1
2023-12-03 18;31.53
2023-12-03 19;27.22
2023-12-03 20;27.6
2023-12-03 21;28.04
2023-12-03 22;26.28
2023-12-03 23;28.9
2023-12-04 00;28.77
2023-12-04 01;42.34
2023-12-04 02;53.43
2023-12-04 03;50.86
2023-12-04 04;45.81
2023-12-04 05;51.07
2023-12-04 06;44.82
2023-12-04 07;40.3
2023-12-04 08;42.62
2023-12-04 09;42.9
2023-12-04 10;42.24
2023-12-04 11;43.01
2023-12-04 12;46.05
2023-12-04 13;49.3
2023-12-04 14;53.64
2023-12-04 15;48.83
2023-12-04 16;44.21
2023-12-04 17;43.94
2023-12-04 18;33.02
2023-12-04 19;29.42
2023-12-04 20;28.64
2023-12-04 21;26.28
2023-12-04 22;25.39
2023-12-04 23;24.44
2023-12-05 00;27.48
2023-12-05 01;28.23
2023-12-05 02;30.61
2023-12-05 03;33.77
2023-12-05 04;35.81
2023-12-05 05;35.75
2023-12-05 06;35.28
2023-12-05 07;33.48
2023-12-05 08;32.29
2023-12-05 09;34
2023-12-05 10;34.56
2023-12-05 11;40.9
2023-12-05 12;42.12
2023-12-05 13;52.22
2023-12-05 14;63.3
2023-12-05 15;60.12
2023-12-05 16;49.73
2023-12-05 17;47.42
2023-12-05 18;47.77
2023-12-05 19;36.01
2023-12-05 20;32.29
2023-12-05 21;33.95
2023-12-05 22;36.65
2023-12-05 23;29.45
2023-12-06 00;35.31
2023-12-06 01;40.27
2023-12-06 02;40.53
2023-12-06 03;39.04
2023-12-06 04;40.43
2023-12-06 05;40.15
2023-12-06 06;38.79
2023-12-06 07;37.98
2023-12-06 08;38.96
2023-12-06 09;44.2
2023-12-06 10;47.8
2023-12-06 11;51.15
2023-12-06 12;80.7
2023-12-06 13;88.3
2023-12-06 14;49.52
2023-12-06 15;51.66
2023-12-06 16;48.4
2023-12-06 17;49.48
2023-12-06 18;41.32
2023-12-06 19;33.15
2023-12-06 20;32.61
2023-12-06 21;32.78
2023-12-06 22;34.1
2023-12-06 23;36.3
2023-12-07 00;41.86
2023-12-07 01;47.38
2023-12-07 02;50.48
2023-12-07 03;47.92
2023-12-07 04;40.76
2023-12-07 05;40.88
2023-12-07 06;48.2
2023-12-07 07;43.19
2023-12-07 08;31.99
2023-12-07 09;30.64
2023-12-07 10;34.65
2023-12-07 11;40.5
2023-12-07 12;51.12
2023-12-07 13;57.42
2023-12-07 14;58.8
2023-12-07 15;50.46
2023-12-07 16;48.96
2023-12-07 17;38.92
2023-12-07 18;31.67
2023-12-07 19;28.89
2023-12-07 20;31.5
2023-12-07 21;32.79
2023-12-07 22;28.81
2023-12-07 23;29.29
2023-12-08 00;31.72
2023-12-08 01;34.06
2023-12-08 02;39.23
2023-12-08 03;43.15
2023-12-08 04;54.59
2023-12-08 05;53.52
2023-12-08 06;50.2
2023-12-08 07;54.59
2023-12-08 08;59.71
2023-12-08 09;55.99
2023-12-08 10;52.76
2023-12-08 11;58.32
2023-12-08 12;85.2
2023-12-08 13;58.02
2023-12-08 14;43.58
2023-12-08 15;40.77
2023-12-08 16;40.83
2023-12-08 17;41.72
2023-12-08 18;35.52
2023-12-08 19;28.46
2023-12-08 20;27.9
2023-12-08 21;29.17
2023-12-08 22;31.33
2023-12-08 23;32.78
2023-12-09 00;41.32
2023-12-09 01;41.27
2023-12-09 02;38.79
2023-12-09 03;39.82
2023-12-09 04;33.66
2023-12-09 05;34.77
2023-12-09 06;35.65
2023-12-09 07;35.18
2023-12-09 08;37.06
2023-12-09 09;34.67
2023-12-09 10;37.07
2023-12-09 11;39.87
2023-12-09 12;41.49
2023-12-09 13;46.94
2023-12-09 14;40.06
2023-12-09 15;38.97
2023-12-09 16;42.38
2023-12-09 17;38.29
2023-12-09 18;29.73
2023-12-09 19;28.23
2023-12-09 20;24.1
2023-12-09 21;26.29
2023-12-09 22;28.96
2023-12-09 23;34.4
2023-12-10 00;40.98
2023-12-10 01;40.27
2023-12-10 02;42.48
2023-12-10 03;41.5
2023-12-10 04;35.35
2023-12-10 05;31.96
2023-12-10 06;31.38
2023-12-10 07;23.03
2023-12-10 08;22.94
2023-12-10 09;28.96
2023-12-10 10;24.98
2023-12-10 11;27.65
2023-12-10 12;31.09
2023-12-10 13;31.62
2023-12-10 14;28.17
2023-12-10 15;30.19
2023-12-10 16;28.72
2023-12-10 17;28.95
2023-12-10 18;24.61
2023-12-10 19;22.92
2023-12-10 20;23.72
2023-12-10 21;21.55
2023-12-10 22;20.37
2023-12-10 23;22.33
2023-12-11 00;24.66
2023-12-11 01;32.18
2023-12-11 02;40.96
2023-12-11 03;43.82
2023-12-11 04;45.94
2023-12-11 05;46.13
2023-12-11 06;46.73
2023-12-11 07;47.74
2023-12-11 08;46.86
2023-12-11 09;45.67
2023-12-11 10;49.42
2023-12-11 11;51.28
2023-12-11 12;61.96
2023-12-11 13;68.66
2023-12-11 14;62.36
2023-12-11 15;54.65
2023-12-11 16;45.59
2023-12-11 17;35.26
2023-12-11 18;34.62
2023-12-11 19;28.87
2023-12-11 20;27.76
2023-12-11 21;24
2023-12-11 22;26.28
2023-12-11 23;27.5
2023-12-12 00;26.37
2023-12-12 01;29.96
2023-12-12 02;34.18
2023-12-12 03;34.22
2023-12-12 04;36.11
2023-12-12 05;34.16
2023-12-12 06;33.37
2023-12-12 07;36.57
2023-12-12 08;46.66
2023-12-12 09;54.81
2023-12-12 10;54.87
2023-12-12 11;38.65
2023-12-12 12;47.88
2023-12-12 13;51.97
2023-12-12 14;53.75
2023-12-12 15;49.85
2023-12-12 16;49.39
2023-12-12 17;34.47
2023-12-12 18;33.33
2023-12-12 19;32.04
2023-12-12 20;32.21
2023-12-12 21;30.63
2023-12-12 22;28.77
2023-12-12 23;31.14
2023-12-13 00;30.49
2023-12-13 01;35
2023-12-13 02;37.84
2023-12-13 03;42.9
2023-12-13 04;45.04
2023-12-13 05;41.17
2023-12-13 06;41.92
2023-12-13 07;47.23
2023-12-13 08;52.89
2023-12-13 09;51.85
2023-12-13 10;47.84
2023-12-13 11;30.43
2023-12-13 12;35.49
2023-12-13 13;43.83
2023-12-13 14;53.66
2023-12-13 15;58.28
2023-12-13 16;42.84
2023-12-13 17;30.77
2023-12-13 18;26.63
2023-12-13 19;31.89
2023-12-13 20;32.86
2023-12-13 21;32.22
2023-12-13 22;37.59
2023-12-13 23;36.81
2023-12-14 00;34.64
2023-12-14 01;35.47
2023-12-14 02;40.3
2023-12-14 03;41.73
2023-12-14 04;39.66
2023-12-14 05;45.25
2023-12-14 06;52.09
2023-12-14 07;51.25
2023-12-14 08;54.82
2023-12-14 09;56.54
2023-12-14 10;57.69
2023-12-14 11;57.39
2023-12-14 12;63.13
2023-12-14 13;59.3
2023-12-14 14;57.94
2023-12-14 15;50
2023-12-14 16;42.47
2023-12-14 17;32.54
2023-12-14 18;31.23
2023-12-14 19;28.08
2023-12-14 20;27.5
2023-12-14 21;25.21
2023-12-14 22;31.05
2023-12-14 23;36.23
2023-12-15 00;38.23
2023-12-15 01;45.99
2023-12-15 02;46.58
2023-12-15 03;46.69
2023-12-15 04;46.47
2023-12-15 05;44.48
2023-12-15 06;41.65
2023-12-15 07;31.9
2023-12-15 08;31.72
2023-12-15 09;31.27
2023-12-15 10;32.49
2023-12-15 11;35.78
2023-12-15 12;34.96
2023-12-15 13;45.97
2023-12-15 14;54.76
2023-12-15 15;61.14
2023-12-15 16;57.97
2023-12-15 17;50.01
2023-12-15 18;34.68
2023-12-15 19;37.28
2023-12-15 20;33.85
2023-12-15 21;29.29
2023-12-15 22;26.84
2023-12-15 23;28.9
2023-12-16 00;27.41
2023-12-16 01;32.43
2023-12-16 02;40.9
2023-12-16 03;35.84
2023-12-16 04;34.03
2023-12-16 05;36.55
2023-12-16 06;39.01
2023-12-16 07;37.03
2023-12-16 08;34.97
2023-12-16 09;36.43
2023-12-16 10;31.73
2023-12-16 11;34.94
2023-12-16 12;35.45
2023-12-16 13;42.05
2023-12-16 14;48.38
2023-12-16 15;47.23
2023-12-16 16;49.64
2023-12-16 17;43.15
2023-12-16 18;30.66
2023-12-16 19;24.57
2023-12-16 20;27.29
2023-12-16 21;26.5
2023-12-16 22;30.13
2023-12-16 23;32.08
2023-12-17 00;29.2
2023-12-17 01;32.67
2023-12-17 02;27.56
2023-12-17 03;26.11
2023-12-17 04;29.33
2023-12-17 05;34.71
2023-12-17 06;60.61
2023-12-17 07;53.48
2023-12-17 08;55.82
2023-12-17 09;62.95
2023-12-17 10;70.07
2023-12-17 11;62.25
2023-12-17 12;60.28
2023-12-17 13;53.19
2023-12-17 14;50.87
2023-12-17 15;43.49
2023-12-17 16;41.65
2023-12-17 17;20.73
2023-12-17 18;20.13
2023-12-17 19;18.47
2023-12-17 20;21.32
2023-12-17 21;17.07
2023-12-17 22;16.89
2023-12-17 23;19.99
2023-12-18 00;19.44
2023-12-18 01;26.34
2023-12-18 02;36.9
2023-12-18 03;34.56
2023-12-18 04;23.91
2023-12-18 05;29.44
2023-12-18 06;26.28
2023-12-18 07;21.46
2023-12-18 08;22.4
2023-12-18 09;26.15
2023-12-18 10;27.62
2023-12-18 11;25.95
2023-12-18 12;26.87
2023-12-18 13;29.17
2023-12-18 14;33.18
2023-12-18 15;43.15
2023-12-18 16;39.93
2023-12-18 17;30.71
2023-12-18 18;27.41
2023-12-18 19;24.98
2023-12-18 20;23.44
2023-12-18 21;23.61
2023-12-18 22;27.67
2023-12-18 23;25.39
2023-12-19 00;23.86
2023-12-19 01;27.21
2023-12-19 02;34.625
2023-12-19 03;42.04
2023-12-19 04;41.41
2023-12-19 05;48.72
2023-12-19 06;39.75
2023-12-19 07;41.41
2023-12-19 08;42.38
2023-12-19 09;35.59
2023-12-19 10;33.44
2023-12-19 11;39.17
2023-12-19 12;28.77
2023-12-19 13;28.48
2023-12-19 14;32.01
2023-12-19 15;30.84
2023-12-19 16;30.255
2023-12-19 17;29.67
2023-12-19 18;33.69
2023-12-19 19;25.72
2023-12-19 20;24.92
2023-12-19 21;30.28
2023-12-19 22;35.23
2023-12-19 23;28.92
2023-12-20 00;26.75
2023-12-20 01;33.16
2023-12-20 02;28.08
2023-12-20 03;31.29
2023-12-20 04;41.55
2023-12-20 05;30.76
2023-12-20 06;24.39
2023-12-20 07;15.64
2023-12-20 08;11.93
2023-12-20 09;11.09
2023-12-20 10;12.01
2023-12-20 11;12.56
2023-12-20 12;13.45
2023-12-20 13;16.03
2023-12-20 14;15.16
2023-12-20 15;15.54
2023-12-20 16;21.2
2023-12-20 17;25.29
2023-12-20 18;26.09
2023-12-20 19;22.16
2023-12-20 20;29.41
2023-12-20 21;33.63
2023-12-20 22;35.14
2023-12-20 23;34.14
2023-12-21 00;30.64
2023-12-21 01;32.36
2023-12-21 02;29.34
2023-12-21 03;29.53
2023-12-21 04;24.03
2023-12-21 05;26.29
2023-12-21 06;26.99
2023-12-21 07;28.24
2023-12-21 08;29.39
2023-12-21 09;30.21
2023-12-21 10;29.33
2023-12-21 11;37.02
2023-12-21 12;37.69
2023-12-21 13;45.95
2023-12-21 14;56.36
2023-12-21 15;43.55
2023-12-21 16;39.41
2023-12-21 17;37.93
2023-12-21 18;36.4
2023-12-21 19;35.34
2023-12-21 20;36.25
2023-12-21 21;43.14
2023-12-21 22;43.91
2023-12-21 23;35.56
2023-12-22 00;28.67
2023-12-22 01;28.35
2023-12-22 02;29.32
2023-12-22 03;29.91
2023-12-22 04;32
2023-12-22 05;35.09
2023-12-22 06;36.96
2023-12-22 07;29.53
2023-12-22 08;29.64
2023-12-22 09;34.59
2023-12-22 10;37.2
2023-12-22 11;36.32
2023-12-22 12;41.28
2023-12-22 13;49.39
2023-12-22 14;55.6
2023-12-22 15;61.18
2023-12-22 16;57.38
2023-12-22 17;46.55
2023-12-22 18;39.87
2023-12-22 19;31.58
2023-12-22 20;24.52
2023-12-22 21;26.95
2023-12-22 22;17.27
2023-12-22 23;17.38
2023-12-23 00;17.69
2023-12-23 01;22.04
2023-12-23 02;31.3
2023-12-23 03;36.88
2023-12-23 04;31.39
2023-12-23 05;25.73
2023-12-23 06;30.96
2023-12-23 07;29
2023-12-23 08;24.52
2023-12-23 09;24.74
2023-12-23 10;27.37
2023-12-23 11;31.11
2023-12-23 12;31.88
2023-12-23 13;36.07
2023-12-23 14;46.1
2023-12-23 15;42.78
2023-12-23 16;36.15
2023-12-23 17;27.83
2023-12-23 18;23.02
2023-12-23 19;19.89
2023-12-23 20;17.86
2023-12-23 21;23.29
2023-12-23 22;27.84
2023-12-23 23;27.95
2023-12-24 00;27.46
2023-12-24 01;36.14
2023-12-24 02;42.68
2023-12-24 03;44.88
2023-12-24 04;33.04
2023-12-24 05;32.59
2023-12-24 06;31
2023-12-24 07;27.89
2023-12-24 08;41.73
2023-12-24 09;38.23
2023-12-24 10;25.74
2023-12-24 11;24.01
2023-12-24 12;33.44
2023-12-24 13;36.44
2023-12-24 14;38.27
2023-12-24 15;33.11
2023-12-24 16;27.53
2023-12-24 17;28.01
2023-12-24 18;23.01
2023-12-24 19;21.68
2023-12-24 20;20.39
2023-12-24 21;20.35
2023-12-24 22;23.2
2023-12-24 23;26.76
2023-12-25 00;26.91
2023-12-25 01;25.7
2023-12-25 02;26.39
2023-12-25 03;24.36
2023-12-25 04;26.77
2023-12-25 05;27.98
2023-12-25 06;67.95
2023-12-25 07;70.12
2023-12-25 08;66.88
2023-12-25 09;56.8
2023-12-25 10;34.69
2023-12-25 11;21.33
2023-12-25 12;26.83
2023-12-25 13;32.11
2023-12-25 14;38.44
2023-12-25 15;34.81
2023-12-25 16;31.06
2023-12-25 17;25.52
2023-12-25 18;23.29
2023-12-25 19;18.4
2023-12-25 20;15.11
2023-12-25 21;15.14
2023-12-25 22;16.2
2023-12-25 23;14.75
2023-12-26 00;17.87
2023-12-26 01;21.48
2023-12-26 02;24.05
2023-12-26 03;24.36
2023-12-26 04;22.23
2023-12-26 05;19.28
2023-12-26 06;20.78
2023-12-26 07;21.28
2023-12-26 08;21.68
2023-12-26 09;23.86
2023-12-26 10;26.4
2023-12-26 11;30.48
2023-12-26 12;26.89
2023-12-26 13;30.26
2023-12-26 14;35.42
2023-12-26 15;39.46
2023-12-26 16;37.31
2023-12-26 17;31.67
2023-12-26 18;23.63
2023-12-26 19;19.96
2023-12-26 20;17.98
2023-12-26 21;17.04
2023-12-26 22;20.2
2023-12-26 23;23.39
2023-12-27 00;22.94
2023-12-27 01;27.37
2023-12-27 02;27.99
2023-12-27 03;25.26
2023-12-27 04;22.14
2023-12-27 05;17.02
2023-12-27 06;15.91
2023-12-27 07;34.17
2023-12-27 08;24.61
2023-12-27 09;20.05
2023-12-27 10;22.48
2023-12-27 11;25.59
2023-12-27 12;26.74
2023-12-27 13;32.91
2023-12-27 14;36.9
2023-12-27 15;34.6
2023-12-27 16;27.01
2023-12-27 17;25.44
2023-12-27 18;22.31
2023-12-27 19;18.7
2023-12-27 20;17.99
2023-12-27 21;16.82
2023-12-27 22;18
2023-12-27 23;19.24
2023-12-28 00;28.67
2023-12-28 01;31.05
2023-12-28 02;25.3
2023-12-28 03;27.98
2023-12-28 04;26.88
2023-12-28 05;25.28
2023-12-28 06;29.25
2023-12-28 07;25.62
2023-12-28 08;24.76
2023-12-28 09;29.78
2023-12-28 10;29.2
2023-12-28 11;36.69
2023-12-28 12;36.53
2023-12-28 13;50.76
2023-12-28 14;49.97
2023-12-28 15;35.21
2023-12-28 16;28.79
2023-12-28 17;31.11
2023-12-28 18;21.63
2023-12-28 19;18.1
2023-12-28 20;17.02
2023-12-28 21;16.78
2023-12-28 22;20.05
2023-12-28 23;26.01
2023-12-29 00;26.68
2023-12-29 01;26.81
2023-12-29 02;29.07
2023-12-29 03;29.33
2023-12-29 04;26.57
2023-12-29 05;22.75
2023-12-29 06;20.73
2023-12-29 07;18.31
2023-12-29 08;19.95
2023-12-29 09;19.4
2023-12-29 10;25.01
2023-12-29 11;25.12
2023-12-29 12;27.62
2023-12-29 13;34.05
2023-12-29 14;46.58
2023-12-29 15;41.7
2023-12-29 16;33.52
2023-12-29 17;33.2
2023-12-29 18;23.42
2023-12-29 19;18.13
2023-12-29 20;18.21
2023-12-29 21;21.69
2023-12-29 22;20.07
2023-12-29 23;24.32
2023-12-30 00;23.69
2023-12-30 01;25.55
2023-12-30 02;29.11
2023-12-30 03;31.66
2023-12-30 04;31.22
2023-12-30 05;30.78
2023-12-30 06;28.02
2023-12-30 07;34.72
2023-12-30 08;35.05
2023-12-30 09;38.32
2023-12-30 10;46.85
2023-12-30 11;58.53
2023-12-30 12;56.82
2023-12-30 13;72.08
2023-12-30 14;61.11
2023-12-30 15;38.87
2023-12-30 16;34.84
2023-12-30 17;28.95
2023-12-30 18;26.46
2023-12-30 19;22.22
2023-12-30 20;23.87
2023-12-30 21;24.55
2023-12-30 22;27.38
2023-12-30 23;26.92
2023-12-31 00;31.95
2023-12-31 01;33.66
2023-12-31 02;30.13
2023-12-31 03;32.86
2023-12-31 04;30.79
2023-12-31 05;35.89
2023-12-31 06;38.13
2023-12-31 07;39.39
2023-12-31 08;40.21
2023-12-31 09;44.02
2023-12-31 10;43.05
2023-12-31 11;40.93
2023-12-31 12;37.46
2023-12-31 13;32.29
2023-12-31 14;33.78
2023-12-31 15;35.79
2023-12-31 16;42.88
2023-12-31 17;33.07
2023-12-31 18;27.34
2023-12-31 19;25.76
2023-12-31 20;23.14
2023-12-31 21;21.63
2023-12-31 22;22.55
2023-12-31 23;24.13
